date,gap,priv_fund_ratio,factor_rank,position,strategy_ret,strategy_net,equity
2022-12-19,,,,0.0,,,1.0
2022-12-20,-0.003923348045888481,,,0.0,-0.0,-0.0,1.0
2022-12-21,0.00501438972281833,,,0.0,0.0,0.0,1.0
2022-12-22,0.003939638611242697,,,0.0,0.0,0.0,1.0
2022-12-23,-0.01258109265049927,-1.3961299827470307e-08,,0.0,-0.0,-0.0,1.0
2022-12-26,-0.0003598870795864485,1.0134638903015555e-08,,0.0,-0.0,-0.0,1.0
2022-12-27,0.003253831538357305,1.4432616015587081e-08,,0.0,0.0,0.0,1.0
2022-12-28,-0.013048613845334355,-4.3297212914270425e-08,,0.0,-0.0,-0.0,1.0
2022-12-29,-0.006426589124525306,-2.421725035288164e-08,,0.0,-0.0,-0.0,1.0
2022-12-30,0.014139177849104761,-2.432214322333632e-08,,0.0,0.0,0.0,1.0
2023-01-02,0.003659267566417961,-4.9303404874887314e-09,,0.0,0.0,0.0,1.0
2023-01-03,-0.000787818957258337,7.028440030932852e-09,,0.0,-0.0,-0.0,1.0
2023-01-04,-0.00482854530955209,2.3728409576040618e-08,,0.0,-0.0,-0.0,1.0
2023-01-05,0.004868604889586162,2.98533469984798e-08,,0.0,0.0,0.0,1.0
2023-01-06,-0.005009734555297109,3.571926898779607e-08,,0.0,-0.0,-0.0,1.0
2023-01-09,0.01134743123053233,5.710482718366043e-08,,0.0,0.0,0.0,1.0
2023-01-10,-0.0017897603735153498,-5.899427379750053e-09,,0.0,-0.0,-0.0,1.0
2023-01-11,0.006847588448017479,1.5903533750148364e-08,,0.0,0.0,0.0,1.0
2023-01-12,0.0074742502962355725,3.442369154486098e-08,,0.0,0.0,0.0,1.0
2023-01-13,0.003736403768261064,4.021578276253107e-08,,0.0,0.0,0.0,1.0
2023-01-16,0.003765543023812179,2.8039930730356904e-08,,0.0,0.0,0.0,1.0
2023-01-17,0.0012241274168669596,9.536323919292114e-09,,0.0,0.0,0.0,1.0
2023-01-18,0.00032982573453999166,6.824260482614098e-09,,0.0,0.0,0.0,1.0
2023-01-19,-0.005354630848118949,4.62945650843034e-08,,0.0,-0.0,-0.0,1.0
2023-01-20,0.0009525658331337937,1.903196175960405e-08,,0.0,0.0,0.0,1.0
2023-01-23,-0.004887638180129137,1.934154109947377e-08,,0.0,-0.0,-0.0,1.0
2023-01-24,-0.004887638180129137,1.9802059215793055e-08,,0.0,-0.0,-0.0,1.0
2023-01-25,0.01470779643368475,7.954609985801837e-08,,0.0,0.0,0.0,1.0
2023-01-26,0.002035580714528627,6.8091377561892e-08,,0.0,0.0,0.0,1.0
2023-01-27,0.0032322281900829283,6.888747843329126e-08,,0.0,0.0,0.0,1.0
2023-01-30,0.0016744186046511156,-7.475954939129464e-10,,0.0,0.0,0.0,1.0
2023-01-31,0.00036405424846918576,-2.2102091752918634e-08,,0.0,0.0,0.0,1.0
2023-02-01,0.009581742296421447,2.321469833717284e-08,,0.0,0.0,0.0,1.0
2023-02-02,0.013475871084342545,4.6266275757965326e-08,,0.0,0.0,0.0,1.0
2023-02-03,0.0014725429383097152,3.4367843160373354e-08,,0.0,0.0,0.0,1.0
2023-02-06,-0.006873357310831413,-1.8247113899844645e-08,,0.0,-0.0,-0.0,1.0
2023-02-07,-7.039774727222335e-05,3.030916255061987e-09,,0.0,-0.0,-0.0,1.0
2023-02-08,0.007744146002499916,3.707080960070007e-08,,0.0,0.0,0.0,1.0
2023-02-09,-0.0037703003744446887,1.889660971267656e-08,,0.0,-0.0,-0.0,1.0
2023-02-10,-0.003721576085315797,-3.917730073686804e-09,,0.0,-0.0,-0.0,1.0
2023-02-13,-0.001960095576342009,8.06692389638632e-09,,0.0,-0.0,-0.0,1.0
2023-02-14,0.007581864528639008,9.598258818344478e-09,,0.0,0.0,0.0,1.0
2023-02-15,0.003638962895574801,-1.7145956376131567e-08,,0.0,0.0,0.0,1.0
2023-02-16,0.006477083461846814,1.5098225049828354e-08,,0.0,0.0,0.0,1.0
2023-02-17,-0.011005528680027653,-5.44293853435948e-09,,0.0,-0.0,-0.0,1.0
2023-02-20,0.0027138107662369655,-6.996395501839157e-09,,0.0,0.0,0.0,1.0
2023-02-21,0.001114972299229135,1.0410927863054344e-09,,0.0,0.0,0.0,1.0
2023-02-22,-0.011431469704654473,-2.9161960345055736e-08,,0.0,-0.0,-0.0,1.0
2023-02-23,0.005245927677673205,5.044383768336162e-10,,0.0,0.0,0.0,1.0
2023-02-24,0.001166555254086252,-2.112982319751581e-08,,0.0,0.0,0.0,1.0
2023-02-27,-0.007222456955740931,-1.791007635295298e-08,,0.0,-0.0,-0.0,1.0
2023-02-28,0.004468600104622156,-1.213862320636053e-08,,0.0,0.0,0.0,1.0
2023-03-01,-0.0005601894940209615,-1.1970870434331827e-08,,0.0,-0.0,-0.0,1.0
2023-03-02,0.0018570061179750412,2.444811672058366e-08,,0.0,0.0,0.0,1.0
2023-03-03,0.004383631511143857,7.794694179479212e-09,,0.0,0.0,0.0,1.0
2023-03-06,0.009098595127849054,8.57588073771962e-09,,0.0,0.0,0.0,1.0
2023-03-07,-0.0008033897865834456,1.4856488761978601e-08,,0.0,-0.0,-0.0,1.0
2023-03-08,-0.008975440874174958,-5.302277680389788e-10,,0.0,-0.0,-0.0,1.0
2023-03-09,0.00429804443355088,-5.593794320037897e-08,,0.0,0.0,0.0,1.0
2023-03-10,-0.013055542119403928,-2.2293162838913576e-08,,0.0,-0.0,-0.0,1.0
2023-03-13,-0.0007355596271381786,7.8532884649529e-09,,0.0,-0.0,-0.0,1.0
2023-03-14,-0.008249844844401156,-4.297507148162476e-08,,0.0,-0.0,-0.0,1.0
2023-03-15,0.014895159415135924,1.53158343008047e-08,,0.0,0.0,0.0,1.0
2023-03-16,-0.009390577985359435,-2.1676198265232107e-08,0.15,0.0,-0.0,-0.0,1.0
2023-03-17,0.011730403207300191,1.1278535936927826e-08,0.5833333333333334,0.0,0.0,0.0,1.0
2023-03-20,-0.0030695422339694417,-1.1779974256313035e-08,0.26666666666666666,0.0,-0.0,-0.0,1.0
2023-03-21,0.005947968670459185,-1.0695231188546874e-08,0.2833333333333333,0.0,0.0,0.0,1.0
2023-03-22,0.010905042858733066,1.3177907061240395e-08,0.6,0.0,0.0,0.0,1.0
2023-03-23,-0.007179013160790503,1.727098146317713e-08,0.6666666666666666,0.0,-0.0,-0.0,1.0
2023-03-24,0.0025751600152668585,-3.764430493322042e-09,0.3333333333333333,0.0,0.0,0.0,1.0
2023-03-27,0.0023348284427748313,-1.6680044598761312e-08,0.18333333333333332,0.0,0.0,0.0,1.0
2023-03-28,0.0037479709488261116,-7.341007183609804e-09,0.26666666666666666,0.0,0.0,0.0,1.0
2023-03-29,-0.0010666782767702802,4.0164575449073696e-09,0.45,0.0,-0.0,-0.0,1.0
2023-03-30,0.007272853359685397,6.078710383887181e-09,0.4666666666666667,0.0,0.0,0.0,1.0
2023-03-31,0.005161089870282322,2.391354557676556e-08,0.8,0.0,0.0,0.0,1.0
2023-04-03,0.005567971557621773,-6.9274730691766365e-09,0.3,0.0,0.0,0.0,1.0
2023-04-04,0.0015147041834075554,-1.5241175372338373e-08,0.2,0.0,0.0,0.0,1.0
2023-04-05,0.0015386254661694735,7.436965630481572e-09,0.5166666666666667,0.0,0.0,0.0,1.0
2023-04-06,-0.0026466546876652438,-2.872939542090322e-08,0.06666666666666667,0.0,-0.0,-0.0,1.0
2023-04-07,0.009033415910661905,3.0978402792275606e-08,0.8833333333333333,1.0,0.009033415910661905,0.007533415910661905,1.007533415910662
2023-04-10,0.0005535226859793741,2.0548564715833107e-08,0.8166666666666667,0.0,0.0,0.0,1.007533415910662
2023-04-11,0.005256720644042408,5.328567847313208e-09,0.5,0.0,0.0,0.0,1.007533415910662
2023-04-12,4.545492111510315e-05,1.6040504225945382e-08,0.7166666666666667,0.0,0.0,0.0,1.007533415910662
2023-04-13,-0.006120223995242646,-8.12099907450329e-09,0.3,0.0,-0.0,-0.0,1.007533415910662
2023-04-14,0.008128641726204056,6.12200191776148e-09,0.55,0.0,0.0,0.0,1.007533415910662
2023-04-17,0.0010047242544535195,-1.5849545842998671e-09,0.4166666666666667,0.0,0.0,0.0,1.007533415910662
2023-04-18,0.0035527759131617626,8.686241225452885e-09,0.6666666666666666,0.0,0.0,0.0,1.007533415910662
2023-04-19,0.00033187472343770814,-4.614648182198293e-09,0.38333333333333336,0.0,0.0,0.0,1.007533415910662
2023-04-20,-0.003826744647673425,-4.29983701965832e-09,0.4,0.0,-0.0,-0.0,1.007533415910662
2023-04-21,-0.0011966115262574079,2.9781985241963674e-09,0.5333333333333333,0.0,-0.0,-0.0,1.007533415910662
2023-04-24,-0.00363479085396782,-2.338648816562402e-09,0.45,0.0,-0.0,-0.0,1.007533415910662
2023-04-25,0.0022163269418045205,-3.868205691828081e-09,0.4166666666666667,0.0,0.0,0.0,1.007533415910662
2023-04-26,-0.001991862306133845,-1.1065678946667257e-08,0.26666666666666666,0.0,-0.0,-0.0,1.007533415910662
2023-04-27,-0.0006960665832525992,1.4328316201708314e-08,0.8,0.0,-0.0,-0.0,1.007533415910662
2023-04-28,0.0078014364818913785,-3.870514671281313e-09,0.43333333333333335,0.0,0.0,0.0,1.007533415910662
2023-05-01,0.00618883131836495,-3.739246828012102e-09,0.4666666666666667,0.0,0.0,0.0,1.007533415910662
2023-05-02,0.0033611026448576204,2.2102037500386987e-08,0.9333333333333333,0.0,0.0,0.0,1.007533415910662
2023-05-03,-0.006729164745046298,-1.2441116516818237e-08,0.2,-1.0,0.006729164745046298,0.005229164745046299,1.0128019741285978
2023-05-04,-0.002716034758475813,-4.162382037770054e-09,0.4166666666666667,0.0,-0.0,-0.0,1.0128019741285978
2023-05-05,-0.0023572828189207745,-4.464743676372925e-09,0.4,0.0,-0.0,-0.0,1.0128019741285978
2023-05-08,0.008807011752557227,9.627486818343654e-09,0.7833333333333333,0.0,0.0,0.0,1.0128019741285978
2023-05-09,-0.0006693215016375836,-6.254846748266378e-10,0.55,0.0,-0.0,-0.0,1.0128019741285978
2023-05-10,-0.0002407064099695374,6.2911585410184555e-09,0.6833333333333333,0.0,-0.0,-0.0,1.0128019741285978
2023-05-11,0.004212217556148864,-2.7845835764918556e-09,0.5,0.0,0.0,0.0,1.0128019741285978
2023-05-12,-0.002646415832470387,-1.6589649672662433e-08,0.16666666666666666,0.0,-0.0,-0.0,1.0128019741285978
2023-05-15,-0.0022826552462526456,-9.042362564908607e-09,0.3,0.0,-0.0,-0.0,1.0128019741285978
2023-05-16,0.006744373265732588,8.961466769603195e-09,0.7833333333333333,0.0,0.0,0.0,1.0128019741285978
2023-05-17,0.0001196233573150538,2.3025251489411752e-08,0.95,0.0,0.0,0.0,1.0128019741285978
2023-05-18,0.007709858270922145,2.4566684406694763e-08,0.9833333333333333,-1.0,-0.007709858270922145,-0.009209858270922145,1.0034742114903634
2023-05-19,0.007045867546103109,3.4207663708017674e-08,1.0,-1.0,-0.007045867546103109,-0.00854586754610311,0.9948986537930365
2023-05-22,0.0007152064534907064,3.0059060544788474e-08,0.9666666666666667,-1.0,-0.0007152064534907064,-0.0022152064534907063,0.992694747874585
2023-05-23,0.003516302104828717,4.3666936336859766e-10,0.5166666666666667,-1.0,-0.003516302104828717,-0.005016302104828717,0.9877150911213693
2023-05-24,-0.0036801138162573938,-1.4070124130956282e-09,0.4666666666666667,0.0,-0.0,-0.0,0.9877150911213693
2023-05-25,0.004552664647837886,6.4070434730175005e-09,0.6333333333333333,0.0,0.0,0.0,0.9877150911213693
2023-05-26,0.004247251291561887,5.1439956580517844e-08,1.0,0.0,0.0,0.0,0.9877150911213693
2023-05-29,0.0017177447992798084,5.098949909567898e-08,0.9833333333333333,-1.0,-0.0017177447992798084,-0.0032177447992798084,0.9845368760237434
2023-05-30,0.00972012321515578,4.666637709660578e-08,0.9666666666666667,-1.0,-0.00972012321515578,-0.011220123215155779,0.9734902509648925
2023-05-31,-0.0013757235816166961,2.324534919188055e-08,0.8666666666666667,-1.0,0.0013757235816166961,-0.0001242764183833039,0.9733692690831716
2023-06-01,-0.001992579077919734,1.7625617150010324e-09,0.5,0.0,-0.0,-0.0,0.9733692690831716
2023-06-02,0.006435101448205453,1.8454145141484804e-08,0.8,0.0,0.0,0.0,0.9733692690831716
2023-06-05,0.0059185989946489,-1.876422907722254e-09,0.4166666666666667,0.0,0.0,0.0,0.9733692690831716
2023-06-06,0.002363111227807925,-1.9394636767414387e-09,0.4,0.0,0.0,0.0,0.9733692690831716
2023-06-07,0.0021974914665426268,1.0289572521488423e-08,0.7,0.0,0.0,0.0,0.9733692690831716
2023-06-08,-0.002808558031426811,-3.61025404806761e-08,0.016666666666666666,0.0,-0.0,-0.0,0.9733692690831716
2023-06-09,0.005347701660495731,2.8487537052813826e-08,0.9,1.0,0.005347701660495731,0.003847701660495731,0.9771145036360983
2023-06-12,0.0033129520840826294,-1.6314345961186112e-08,0.08333333333333333,0.0,0.0,0.0,0.9771145036360983
2023-06-13,0.006141224070387148,1.7273967277933175e-08,0.7666666666666667,1.0,0.006141224070387148,0.004641224070387149,0.9816495109898986
2023-06-14,0.0017862910139195207,-1.005924310561675e-08,0.15,0.0,0.0,0.0,0.9816495109898986
2023-06-15,0.004074582576730546,-2.6003950350453557e-09,0.38333333333333336,0.0,0.0,0.0,0.9816495109898986
2023-06-16,0.004392794042903307,2.4359071043086726e-08,0.8666666666666667,0.0,0.0,0.0,0.9816495109898986
2023-06-19,-0.0015140591204036472,-2.4670131262625484e-08,0.05,0.0,-0.0,-0.0,0.9816495109898986
2023-06-20,-0.003233161621888972,-1.2967353989421599e-08,0.11666666666666667,1.0,-0.003233161621888972,-0.004733161621888972,0.9770032051983352
2023-06-21,-0.0017204561021797742,-1.935580333504407e-08,0.06666666666666667,0.0,-0.0,-0.0,0.9770032051983352
2023-06-22,-0.00359359420466798,-2.5261103405493525e-09,0.4,1.0,-0.00359359420466798,-0.00509359420466798,0.972026747334395
2023-06-23,0.0032202331221660957,-1.3348340257844743e-08,0.13333333333333333,0.0,0.0,0.0,0.972026747334395
2023-06-26,-0.0014821650225387525,7.80990536360387e-09,0.65,0.0,-0.0,-0.0,0.972026747334395
2023-06-27,-0.0005848665773120729,-1.8300111940973405e-08,0.08333333333333333,0.0,-0.0,-0.0,0.972026747334395
2023-06-28,0.004208976710328832,-3.180649226502497e-08,0.03333333333333333,1.0,0.004208976710328832,0.002708976710328832,0.9746599451547405
2023-06-29,0.00031493744197174636,6.587012813141057e-10,0.5333333333333333,1.0,0.00031493744197174636,-0.0011850625580282536,0.9735049121469277
2023-06-30,0.002197024554012304,-8.485002924639355e-09,0.23333333333333334,0.0,0.0,0.0,0.9735049121469277
2023-07-03,0.005621931260229043,2.6451131380335642e-08,0.9,0.0,0.0,0.0,0.9735049121469277
2023-07-04,0.0019153310987802897,-8.222155628934812e-09,0.25,0.0,0.0,0.0,0.9735049121469277
2023-07-05,0.0010897378978553445,1.587763414614629e-08,0.7666666666666667,0.0,0.0,0.0,0.9735049121469277
2023-07-06,-0.0008032715057689572,-1.4196255964837385e-08,0.13333333333333333,0.0,-0.0,-0.0,0.9735049121469277
2023-07-07,-0.005470311352229748,-3.754146832341321e-09,0.38333333333333336,0.0,-0.0,-0.0,0.9735049121469277
2023-07-10,0.001776501205779523,-1.3023006698773467e-08,0.16666666666666666,0.0,0.0,0.0,0.9735049121469277
2023-07-11,0.007053630912724873,3.0155714693202106e-08,0.9333333333333333,0.0,0.0,0.0,0.9735049121469277
2023-07-12,0.0002574938896291717,7.972808345928417e-10,0.5833333333333334,-1.0,-0.0002574938896291717,-0.0017574938896291717,0.9717939832123055
2023-07-13,0.006199950432899642,1.810328862539044e-08,0.7666666666666667,0.0,0.0,0.0,0.9717939832123055
2023-07-14,0.006911410484524837,2.8498055570121286e-08,0.9,0.0,0.0,0.0,0.9717939832123055
2023-07-17,-0.0021921099953849375,-5.620698901519199e-09,0.3,0.0,-0.0,-0.0,0.9717939832123055
2023-07-18,0.0026474751300810877,1.3542725768563392e-08,0.6833333333333333,0.0,0.0,0.0,0.9717939832123055
2023-07-19,0.00524043650317789,-3.5787493243602925e-09,0.38333333333333336,0.0,0.0,0.0,0.9717939832123055
2023-07-20,-0.005895793056066043,3.203353903787295e-09,0.5833333333333334,0.0,-0.0,-0.0,0.9717939832123055
2023-07-21,-0.007859151211669177,-1.42104382253695e-08,0.13333333333333333,0.0,-0.0,-0.0,0.9717939832123055
2023-07-24,-5.988286910806102e-05,-2.8362388997612295e-09,0.38333333333333336,0.0,-0.0,-0.0,0.9717939832123055
2023-07-25,0.0021026390509450905,-3.1972060619207994e-08,0.03333333333333333,0.0,0.0,0.0,0.9717939832123055
2023-07-26,0.0018544329684031914,-1.4441457116769417e-09,0.48333333333333334,1.0,0.0018544329684031914,0.0003544329684031914,0.9721384190384517
2023-07-27,0.0013052554774114818,7.284590341469688e-09,0.6333333333333333,0.0,0.0,0.0,0.9721384190384517
2023-07-28,-0.0037701042014911756,8.198437432321729e-09,0.65,0.0,-0.0,-0.0,0.9721384190384517
2023-07-31,0.007061038128804731,-8.288482095113074e-09,0.2833333333333333,0.0,0.0,0.0,0.9721384190384517
2023-08-01,0.004757540046265899,-3.6669447858499926e-10,0.5,0.0,0.0,0.0,0.9721384190384517
2023-08-02,-0.006083754456066026,-1.3310825952042993e-08,0.2,0.0,-0.0,-0.0,0.9721384190384517
2023-08-03,0.0008012210608968068,-7.025087490808754e-09,0.3333333333333333,0.0,0.0,0.0,0.9721384190384517
2023-08-04,0.0012006923055299236,-1.1580782922713025e-08,0.23333333333333334,0.0,0.0,0.0,0.9721384190384517
2023-08-07,-0.004922601739801802,3.3611010645239e-09,0.6,0.0,-0.0,-0.0,0.9721384190384517
2023-08-08,0.005671751918625068,-4.22936693248464e-09,0.35,0.0,0.0,0.0,0.9721384190384517
2023-08-09,0.0009946152184281225,2.5973480552904926e-08,0.85,0.0,0.0,0.0,0.9721384190384517
2023-08-10,-0.004283896735541797,-1.4177567595769586e-08,0.16666666666666666,0.0,-0.0,-0.0,0.9721384190384517
2023-08-11,0.0029410815434021188,-9.207735134680393e-09,0.2833333333333333,0.0,0.0,0.0,0.9721384190384517
2023-08-14,-0.0024954297639655384,-1.1201924806170037e-08,0.26666666666666666,0.0,-0.0,-0.0,0.9721384190384517
2023-08-15,0.006123181606794554,-1.1679818748959707e-08,0.25,0.0,0.0,0.0,0.9721384190384517
2023-08-16,-0.008028262093385776,-5.4050066891455415e-09,0.4166666666666667,0.0,-0.0,-0.0,0.9721384190384517
2023-08-17,-0.007633175882650764,2.0974347876393096e-09,0.65,0.0,-0.0,-0.0,0.9721384190384517
2023-08-18,-0.009368703130517762,-1.4379797321307543e-08,0.13333333333333333,0.0,-0.0,-0.0,0.9721384190384517
2023-08-21,0.002056022432374862,8.874064874135066e-09,0.7666666666666667,0.0,0.0,0.0,0.9721384190384517
2023-08-22,0.007976818931206121,3.3042699118531423e-09,0.7,0.0,0.0,0.0,0.9721384190384517
2023-08-23,-0.00215876916945519,-6.64073241074688e-09,0.4166666666666667,0.0,-0.0,-0.0,0.9721384190384517
2023-08-24,0.011892707278553525,2.2030372285769884e-08,0.9,0.0,0.0,0.0,0.9721384190384517
2023-08-25,-0.013884042382866103,-6.724139375171514e-09,0.4166666666666667,0.0,-0.0,-0.0,0.9721384190384517
2023-08-28,0.006402207829340684,5.644935981148575e-09,0.7333333333333333,0.0,0.0,0.0,0.9721384190384517
2023-08-29,0.0035598745411419773,-1.0493096466529008e-09,0.6,0.0,0.0,0.0,0.9721384190384517
2023-08-30,0.00995372927329182,1.1604475196986032e-08,0.8166666666666667,0.0,0.0,0.0,0.9721384190384517
2023-08-31,0.0021131233510309332,1.2969440833537916e-08,0.8166666666666667,0.0,0.0,0.0,0.9721384190384517
2023-09-01,-0.0014532457857908236,7.201432113095821e-09,0.7333333333333333,0.0,-0.0,-0.0,0.9721384190384517
2023-09-04,0.0032999959509252504,1.7521642147023262e-08,0.8833333333333333,0.0,0.0,0.0,0.9721384190384517
2023-09-05,-0.002275189162851231,1.046352502507279e-08,0.8,0.0,-0.0,-0.0,0.9721384190384517
2023-09-06,-0.0009433049535602469,-3.088623125607438e-09,0.48333333333333334,0.0,-0.0,-0.0,0.9721384190384517
2023-09-07,-0.0038906085820576376,-7.326877912297252e-09,0.35,0.0,-0.0,-0.0,0.9721384190384517
2023-09-08,-0.0003753324956347496,-1.9120838657986722e-08,0.08333333333333333,0.0,-0.0,-0.0,0.9721384190384517
2023-09-11,0.0022174485482641757,-1.3964146576186306e-09,0.5666666666666667,1.0,0.0022174485482641757,0.0007174485482641757,0.9728358783359026
2023-09-12,0.0038051874136107292,-2.1230169815284187e-08,0.05,0.0,0.0,0.0,0.9728358783359026
2023-09-13,8.197830034382441e-06,-1.5844552260981917e-09,0.5333333333333333,1.0,8.197830034382441e-06,-0.0014918021699656175,0.9713845996615807
2023-09-14,0.0042728546366635955,-1.8156870976714876e-08,0.1,0.0,0.0,0.0,0.9713845996615807
2023-09-15,0.0016912053277013104,-5.525074180695776e-09,0.4166666666666667,0.0,0.0,0.0,0.9713845996615807
2023-09-18,-0.006315308307336984,-1.916090640772096e-08,0.06666666666666667,0.0,-0.0,-0.0,0.9713845996615807
2023-09-19,0.0012002465371265597,-4.825681362097679e-09,0.45,1.0,0.0012002465371265597,-0.00029975346287344036,0.9710934237640503
2023-09-20,-0.00031812323604752275,-1.476694048564578e-08,0.1,0.0,-0.0,-0.0,0.9710934237640503
2023-09-21,-0.006921121254289823,-1.0615134829393485e-08,0.26666666666666666,0.0,-0.0,-0.0,0.9710934237640503
2023-09-22,-0.011726804123711356,-6.140403993943363e-09,0.4,0.0,-0.0,-0.0,0.9710934237640503
2023-09-25,-0.0028111913779007747,-1.4400783223769792e-08,0.11666666666666667,0.0,-0.0,-0.0,0.9710934237640503
2023-09-26,-0.00044051754518439944,-7.307506754698161e-09,0.35,0.0,-0.0,-0.0,0.9710934237640503
2023-09-27,-0.00792789572455335,-1.63469631910549e-09,0.5833333333333334,0.0,-0.0,-0.0,0.9710934237640503
2023-09-28,-0.011029567725787977,-1.7321180249193927e-09,0.5666666666666667,0.0,-0.0,-0.0,0.9710934237640503
2023-09-29,-0.011029567725787977,-1.7912475711099371e-09,0.55,0.0,-0.0,-0.0,0.9710934237640503
2023-10-02,-0.011029567725787977,-1.8424679379536117e-09,0.5333333333333333,0.0,-0.0,-0.0,0.9710934237640503
2023-10-03,-0.011029567725787977,-1.8921280190886075e-09,0.5333333333333333,0.0,-0.0,-0.0,0.9710934237640503
2023-10-04,-0.012149493064098895,-4.850697010743493e-08,0.016666666666666666,0.0,-0.0,-0.0,0.9710934237640503
2023-10-05,0.008133550460233684,-7.329506071137831e-09,0.31666666666666665,1.0,0.008133550460233684,0.006633550460233685,0.9775352209921903
2023-10-06,0.00045872361247037164,-8.747377514602031e-09,0.3,0.0,0.0,0.0,0.9775352209921903
2023-10-09,-0.004464673865790243,-8.862537661834619e-09,0.3,0.0,-0.0,-0.0,0.9775352209921903
2023-10-10,0.00881631801345912,-1.1426174708963497e-08,0.25,0.0,0.0,0.0,0.9775352209921903
2023-10-11,0.015822923132064504,4.9453367140110305e-09,0.8166666666666667,0.0,0.0,0.0,0.9775352209921903
2023-10-12,0.006661322748374305,-1.0570281604728393e-08,0.3,0.0,0.0,0.0,0.9775352209921903
2023-10-13,-0.007817253735379623,-2.979260687586456e-08,0.05,0.0,-0.0,-0.0,0.9775352209921903
2023-10-16,-0.0053625484059653845,-2.1402188044531466e-08,0.06666666666666667,1.0,-0.0053625484059653845,-0.006862548405965384,0.9708268382195954
2023-10-17,0.007655160232799575,3.1239089392688e-08,1.0,1.0,0.007655160232799575,0.0061551602327995746,0.9768024329671392
2023-10-18,-0.0033326097782092356,1.8140180097468267e-08,0.95,-1.0,0.0033326097782092356,0.0018326097782092356,0.9785925306571734
2023-10-19,-0.013697056345579436,-1.4550916281289031e-08,0.15,-1.0,0.013697056345579436,0.012197056345579436,0.990528478892962
2023-10-20,-0.0101173402868319,1.1075447430233169e-08,0.8833333333333333,0.0,-0.0,-0.0,0.990528478892962
2023-10-23,-0.002336355726721445,-1.4137778561417326e-08,0.21666666666666667,0.0,-0.0,-0.0,0.990528478892962
2023-10-24,0.007030996050352424,-4.10697222938888e-09,0.5833333333333334,0.0,0.0,0.0,0.990528478892962
2023-10-25,0.003616183630068377,-3.318844989269085e-08,0.03333333333333333,0.0,0.0,0.0,0.990528478892962
2023-10-26,-0.01881654970889691,-2.9219688823692094e-08,0.06666666666666667,1.0,-0.01881654970889691,-0.02031654970889691,0.970404357813455
2023-10-27,0.005667311059235408,-2.516128420600268e-08,0.08333333333333333,1.0,0.005667311059235408,0.004167311059235408,0.9744483346257014
2023-10-30,-0.005759431239118709,1.300977367136699e-09,0.75,1.0,-0.005759431239118709,-0.007259431239118709,0.9673743939444123
2023-10-31,0.006130604995106276,-3.5346342753601244e-08,0.03333333333333333,0.0,0.0,0.0,0.9673743939444123
2023-11-01,0.006649376448515634,-9.718070846943046e-09,0.38333333333333336,1.0,0.006649376448515634,0.005149376448515633,0.9723557688654866
2023-11-02,0.016268181818181803,3.212142075679463e-08,1.0,0.0,0.0,0.0,0.9723557688654866
2023-11-03,0.009273666521441317,6.815345197548614e-12,0.7333333333333333,-1.0,-0.009273666521441317,-0.010773666521441317,0.9618799320715302
2023-11-06,0.0205350737827929,7.469711033439074e-08,1.0,0.0,0.0,0.0,0.9618799320715302
2023-11-07,-0.00541535116147775,9.222956661313754e-09,0.8333333333333334,-1.0,0.00541535116147775,0.0039153511614777505,0.9656460297807686
2023-11-08,0.004531831533532616,1.5475521151693573e-09,0.7166666666666667,0.0,0.0,0.0,0.9656460297807686
2023-11-09,0.0003104438484688219,1.6328192895150468e-08,0.9,0.0,0.0,0.0,0.9656460297807686
2023-11-10,-0.008496253552665584,1.4351559009302684e-09,0.7,0.0,-0.0,-0.0,0.9656460297807686
2023-11-13,0.009203424731765478,9.285720227576043e-10,0.6833333333333333,0.0,0.0,0.0,0.9656460297807686
2023-11-14,0.008941721935107144,1.2751323558289421e-08,0.8666666666666667,0.0,0.0,0.0,0.9656460297807686
2023-11-15,0.02010428587408256,5.312002258346964e-08,0.9833333333333333,0.0,0.0,0.0,0.9656460297807686
2023-11-16,3.7899843347375446e-05,3.285284707195857e-08,0.9666666666666667,-1.0,-3.7899843347375446e-05,-0.0015378998433473756,0.9641609629028397
2023-11-17,-0.0031696254040851865,-1.0316484542009337e-08,0.31666666666666665,-1.0,0.0031696254040851865,0.0016696254040851864,0.9657707505401294
2023-11-20,-0.0026316681640192827,2.332118555697091e-08,0.9166666666666666,0.0,-0.0,-0.0,0.9657707505401294
2023-11-21,0.0063099699205162165,2.865323332655634e-08,0.9166666666666666,-1.0,-0.0063099699205162165,-0.007809969920516217,0.9582281100282967
2023-11-22,-0.008112405219648402,9.245749439529602e-09,0.7666666666666667,-1.0,0.008112405219648402,0.006612405219648402,0.9645643025846615
2023-11-23,0.0008511170911821615,8.85633985417628e-09,0.75,0.0,0.0,0.0,0.9645643025846615
2023-11-24,0.0009134438920217786,-1.710990243516856e-08,0.2,0.0,0.0,0.0,0.9645643025846615
2023-11-27,0.001465407563854308,-5.7043798893403e-09,0.4666666666666667,0.0,0.0,0.0,0.9645643025846615
2023-11-28,0.0036971608832807416,5.283763949202791e-09,0.7666666666666667,0.0,0.0,0.0,0.9645643025846615
2023-11-29,-0.0011946536128905586,1.5071760572348967e-08,0.85,0.0,-0.0,-0.0,0.9645643025846615
2023-11-30,-0.001779092537810917,1.647154653806463e-08,0.8666666666666667,0.0,-0.0,-0.0,0.9645643025846615
2023-12-01,-0.004064283556206792,-1.5225054973072303e-08,0.2,0.0,-0.0,-0.0,0.9645643025846615
2023-12-04,0.007520084893402796,1.134675557805999e-08,0.8,0.0,0.0,0.0,0.9645643025846615
2023-12-05,-0.004149706062487255,8.10831559792421e-09,0.7166666666666667,0.0,-0.0,-0.0,0.9645643025846615
2023-12-06,0.003964509007566632,-7.805920886323896e-09,0.38333333333333336,0.0,0.0,0.0,0.9645643025846615
2023-12-07,-0.00044117647058831175,-7.162950290079778e-09,0.4166666666666667,0.0,-0.0,-0.0,0.9645643025846615
2023-12-08,0.007601885503714402,2.3391892480844855e-08,0.9,0.0,0.0,0.0,0.9645643025846615
2023-12-11,0.00432004994277395,-3.61847488830866e-09,0.48333333333333334,0.0,0.0,0.0,0.9645643025846615
2023-12-12,0.0029881551353994995,3.5217448088639286e-09,0.65,0.0,0.0,0.0,0.9645643025846615
2023-12-13,-0.00232177395076854,-1.314309928042521e-08,0.21666666666666667,0.0,-0.0,-0.0,0.9645643025846615
2023-12-14,0.015133726352251494,4.3648561690338316e-08,0.9666666666666667,0.0,0.0,0.0,0.9645643025846615
2023-12-15,0.005570527146049856,5.3122721384887006e-08,0.9833333333333333,-1.0,-0.005570527146049856,-0.007070527146049856,0.957744324499126
2023-12-18,0.0030047561697524455,1.3673959539571716e-08,0.7666666666666667,-1.0,-0.0030047561697524455,-0.004504756169752445,0.9534299198442933
2023-12-19,-0.0010106855545321985,-3.9774261487018385e-09,0.4,0.0,-0.0,-0.0,0.9534299198442933
2023-12-20,0.007499146438616668,2.271002970956722e-08,0.8333333333333334,0.0,0.0,0.0,0.9534299198442933
2023-12-21,-0.006404534410362536,3.751904054917411e-09,0.5833333333333334,0.0,-0.0,-0.0,0.9534299198442933
2023-12-22,0.007058615450167783,4.48718197194102e-09,0.5833333333333334,0.0,0.0,0.0,0.9534299198442933
2023-12-25,0.00723271325246963,4.501389995157904e-09,0.5833333333333334,0.0,0.0,0.0,0.9534299198442933
2023-12-26,0.0038515504701866383,5.118108312795453e-09,0.6,0.0,0.0,0.0,0.9534299198442933
2023-12-27,-0.0015707605534218696,2.4603088598313617e-08,0.8666666666666667,0.0,-0.0,-0.0,0.9534299198442933
2023-12-28,0.0014841353116483874,4.1606019219867265e-08,0.9333333333333333,0.0,0.0,0.0,0.9534299198442933
2023-12-29,-0.01221436525831571,4.202721553613192e-08,0.9333333333333333,-1.0,0.01221436525831571,0.01071436525831571,0.9636453162537116
2024-01-01,-0.01221436525831571,4.2457026984104196e-08,0.9333333333333333,-1.0,0.01221436525831571,0.01071436525831571,0.973970164151519
2024-01-02,-0.004013741160915534,2.015048229789541e-08,0.75,-1.0,0.004013741160915534,0.002513741160915534,0.9764184730426504
2024-01-03,-0.010155001504299868,-9.487073013068616e-09,0.25,0.0,-0.0,-0.0,0.9764184730426504
2024-01-04,-0.0071894144963212826,-9.94570685548787e-10,0.35,0.0,-0.0,-0.0,0.9764184730426504
2024-01-05,0.0002376483288086752,4.948590161325257e-09,0.5,0.0,0.0,0.0,0.9764184730426504
2024-01-08,0.0034195676603149855,8.247773642483053e-09,0.55,0.0,0.0,0.0,0.9764184730426504
2024-01-09,0.01142199147491969,1.0297092039326018e-08,0.6166666666666667,0.0,0.0,0.0,0.9764184730426504
2024-01-10,0.0012877517797700822,-1.4453431209390782e-08,0.13333333333333333,0.0,0.0,0.0,0.9764184730426504
2024-01-11,1.6345611611907624e-05,1.2666215047036318e-07,1.0,0.0,0.0,0.0,0.9764184730426504
2024-01-12,-0.0014785769717764756,-2.0844953965740612e-08,0.08333333333333333,-1.0,0.0014785769717764756,-2.1423028223524444e-05,0.9763975552021444
2024-01-15,4.118463483639776e-05,-2.037022308788506e-09,0.31666666666666665,1.0,4.118463483639776e-05,-0.0014588153651636023,0.9749731714461074
2024-01-16,-0.005155191013826775,-1.0836164666202348e-08,0.16666666666666666,0.0,-0.0,-0.0,0.9749731714461074
2024-01-17,0.002258173379385657,-5.775144127123172e-08,0.016666666666666666,0.0,0.0,0.0,0.9749731714461074
2024-01-18,0.0009959009911992816,-1.7400021295344038e-09,0.31666666666666665,1.0,0.0009959009911992816,-0.0005040990088007184,0.9744816884367741
2024-01-19,0.012529845632642313,4.093549993677845e-08,0.8666666666666667,0.0,0.0,0.0,0.9744816884367741
2024-01-22,0.009586983519618664,1.3270335558540967e-08,0.65,0.0,0.0,0.0,0.9744816884367741
2024-01-23,0.0040957954034673534,4.7958036033695995e-09,0.45,0.0,0.0,0.0,0.9744816884367741
2024-01-24,4.177615500620754e-05,-4.506989183099333e-09,0.21666666666666667,0.0,0.0,0.0,0.9744816884367741
2024-01-25,-0.0004198329065032117,-9.31560212274898e-10,0.31666666666666665,0.0,-0.0,-0.0,0.9744816884367741
2024-01-26,-0.0053341067577962675,3.1203749404774906e-08,0.8333333333333334,0.0,-0.0,-0.0,0.9744816884367741
2024-01-29,0.004782987128199242,1.691651036748424e-08,0.7333333333333333,0.0,0.0,0.0,0.9744816884367741
2024-01-30,0.007406543904276963,1.9255736266521972e-09,0.38333333333333336,0.0,0.0,0.0,0.9744816884367741
2024-01-31,-0.006182431728706102,1.6710882361972258e-09,0.36666666666666664,0.0,-0.0,-0.0,0.9744816884367741
2024-02-01,-0.002718770847056561,6.238837020737313e-08,0.9833333333333333,0.0,-0.0,-0.0,0.9744816884367741
2024-02-02,0.009073472391015101,9.824047193863379e-08,0.9833333333333333,-1.0,-0.009073472391015101,-0.010573472391015101,0.964178033208538
2024-02-05,-0.0023168782775596013,1.8207315671836764e-09,0.35,-1.0,0.0023168782775596013,0.0008168782775596012,0.9649656492995661
2024-02-06,-0.0038798386376733733,1.4588816196288509e-08,0.65,0.0,-0.0,-0.0,0.9649656492995661
2024-02-07,0.0041782729805014815,2.4376861910858368e-08,0.7833333333333333,0.0,0.0,0.0,0.9649656492995661
2024-02-08,0.004545363045272446,2.44635255276201e-08,0.8,0.0,0.0,0.0,0.9649656492995661
2024-02-09,-0.0012048916197987384,2.4644494806160922e-08,0.8166666666666667,0.0,-0.0,-0.0,0.9649656492995661
2024-02-12,-0.0012048916197987384,2.417980755213767e-08,0.75,0.0,-0.0,-0.0,0.9649656492995661
2024-02-13,0.008774493124912464,4.9360068724907785e-08,0.9333333333333333,0.0,0.0,0.0,0.9649656492995661
2024-02-14,-0.015367294131589899,-1.8615799892642954e-10,0.31666666666666665,-1.0,0.015367294131589899,0.0138672941315899,0.9783471117852837
2024-02-15,0.009310333832860427,-5.764672746436802e-09,0.18333333333333332,0.0,0.0,0.0,0.9783471117852837
2024-02-16,0.008368384682061409,1.4460857973742477e-08,0.6166666666666667,0.0,0.0,0.0,0.9783471117852837
2024-02-19,0.00022544347103848903,2.945034617157003e-08,0.8166666666666667,0.0,0.0,0.0,0.9783471117852837
2024-02-20,-0.0009924511198286903,8.011307620026526e-09,0.48333333333333334,0.0,-0.0,-0.0,0.9783471117852837
2024-02-21,-0.0015148355518134209,-9.947830622723932e-09,0.11666666666666667,0.0,-0.0,-0.0,0.9783471117852837
2024-02-22,0.007935975766085889,1.0286105286844161e-08,0.55,0.0,0.0,0.0,0.9783471117852837
2024-02-23,0.00844310813144723,1.5326546913764907e-09,0.31666666666666665,0.0,0.0,0.0,0.9783471117852837
2024-02-26,-0.00433828428106741,5.467430402176504e-09,0.5,0.0,-0.0,-0.0,0.9783471117852837
2024-02-27,0.00043402435271182717,2.1835333014978037e-09,0.38333333333333336,0.0,0.0,0.0,0.9783471117852837
2024-02-28,0.0007168087673675704,2.81101458928299e-08,0.8,0.0,0.0,0.0,0.9783471117852837
2024-02-29,-0.005096534828947079,7.939487772156663e-09,0.5,0.0,-0.0,-0.0,0.9783471117852837
2024-03-01,-0.0021331732136649854,8.000096199084738e-09,0.5166666666666667,0.0,-0.0,-0.0,0.9783471117852837
2024-03-04,0.009038333912713756,4.175867034341132e-08,0.8666666666666667,0.0,0.0,0.0,0.9783471117852837
2024-03-05,-0.00469554857323068,7.725887756777227e-11,0.26666666666666666,0.0,-0.0,-0.0,0.9783471117852837
2024-03-06,-0.0047487372051187955,-1.7298868511647515e-08,0.05,0.0,-0.0,-0.0,0.9783471117852837
2024-03-07,0.003945991454941634,-2.458250423615721e-08,0.03333333333333333,1.0,0.003945991454941634,0.002445991454941634,0.9807401404606774
2024-03-08,0.009584765143732259,2.038569177542514e-08,0.7,1.0,0.009584765143732259,0.00808476514373226,0.988669194163333
2024-03-11,-0.005962484899569967,-8.433651345512248e-09,0.15,0.0,-0.0,-0.0,0.988669194163333
2024-03-12,0.0037266303518987826,-1.2748212938153955e-08,0.1,0.0,0.0,0.0,0.988669194163333
2024-03-13,0.0052949841072950825,7.626586347632013e-09,0.5166666666666667,0.0,0.0,0.0,0.988669194163333
2024-03-14,0.001562554255356159,1.117910234111034e-08,0.6166666666666667,0.0,0.0,0.0,0.988669194163333
2024-03-15,-0.007307936848394754,-4.8909746189202435e-08,0.03333333333333333,0.0,-0.0,-0.0,0.988669194163333
2024-03-18,0.003386145249655172,4.646134435222773e-09,0.4166666666666667,1.0,0.003386145249655172,0.001886145249655172,0.9905339678673847
2024-03-19,-0.004675933446267432,-1.4117134980373416e-08,0.11666666666666667,0.0,-0.0,-0.0,0.9905339678673847
2024-03-20,0.007386585461076002,3.940032587774023e-08,0.85,0.0,0.0,0.0,0.9905339678673847
2024-03-21,0.016761434821996497,9.893200408770141e-08,0.9833333333333333,0.0,0.0,0.0,0.9905339678673847
2024-03-22,-0.0012523552175825888,2.371436916728035e-08,0.7333333333333333,-1.0,0.0012523552175825888,-0.00024764478241741123,0.990288667298435
2024-03-25,0.0043404543913190844,7.923944781521385e-09,0.5166666666666667,0.0,0.0,0.0,0.990288667298435
2024-03-26,0.007433190005020916,3.155385251443389e-08,0.8666666666666667,0.0,0.0,0.0,0.990288667298435
2024-03-27,-0.004730397293494159,1.5316974780766105e-08,0.6833333333333333,0.0,-0.0,-0.0,0.990288667298435
2024-03-28,-0.0017437543593857622,2.267665878243932e-09,0.4,0.0,-0.0,-0.0,0.990288667298435
2024-03-29,0.0028472584807359026,3.566988600640802e-08,0.8666666666666667,0.0,0.0,0.0,0.990288667298435
2024-04-01,0.007165769382280802,1.4687680429169124e-08,0.65,0.0,0.0,0.0,0.990288667298435
2024-04-02,0.0003185942870423445,3.111141197919941e-08,0.8166666666666667,0.0,0.0,0.0,0.990288667298435
2024-04-03,-0.008638013256951058,-6.782830483319378e-11,0.2833333333333333,0.0,-0.0,-0.0,0.990288667298435
2024-04-04,0.010715973354877022,2.972546713510891e-08,0.8166666666666667,0.0,0.0,0.0,0.990288667298435
2024-04-05,-0.011678524532802569,-1.0144065627779836e-08,0.13333333333333333,0.0,-0.0,-0.0,0.990288667298435
2024-04-08,0.00207754651649482,1.6792333213278e-09,0.3333333333333333,0.0,0.0,0.0,0.990288667298435
2024-04-09,0.004534430835652525,1.3254229987539015e-08,0.5666666666666667,0.0,0.0,0.0,0.990288667298435
2024-04-10,0.009229827681833003,1.3940281583843756e-08,0.5833333333333334,0.0,0.0,0.0,0.990288667298435
2024-04-11,-0.014573412129209902,5.1774969718748734e-08,0.95,0.0,-0.0,-0.0,0.990288667298435
2024-04-12,0.00235046818268683,-1.4030517947362266e-09,0.18333333333333332,-1.0,-0.00235046818268683,-0.00385046818268683,0.986475592293327
2024-04-15,-0.009279635585786573,-1.7152423824564068e-08,0.06666666666666667,0.0,-0.0,-0.0,0.986475592293327
2024-04-16,-0.010882774101164863,-2.462982798972132e-08,0.03333333333333333,1.0,-0.010882774101164863,-0.012382774101164862,0.974260287877646
2024-04-17,0.004836049977801847,-1.1406530702771763e-08,0.13333333333333333,1.0,0.004836049977801847,0.0033360499778018467,0.9775104688893934
2024-04-18,0.0017872279175397247,4.4838975109436806e-08,0.9166666666666666,0.0,0.0,0.0,0.9775104688893934
2024-04-19,-0.010955702729514936,-3.827185131916057e-08,0.03333333333333333,-1.0,0.010955702729514936,0.009455702729514936,0.9867535172982004
2024-04-22,0.006595169128384261,-4.347938223014982e-08,0.03333333333333333,1.0,0.006595169128384261,0.005095169128384262,0.9917811933568628
2024-04-23,0.0021278191630051094,-3.7441654709899985e-09,0.25,1.0,0.0021278191630051094,0.0006278191630051094,0.9924038525955603
2024-04-24,0.015665476232850487,3.6832212291574916e-08,0.8666666666666667,0.0,0.0,0.0,0.9924038525955603
2024-04-25,-0.011249796620412323,-2.914999947299859e-08,0.06666666666666667,0.0,-0.0,-0.0,0.9924038525955603
2024-04-26,0.01156192367711738,2.300821459279004e-08,0.7,1.0,0.01156192367711738,0.01006192367711738,1.002389344417254
2024-04-29,0.005872306576515432,2.7133411844586704e-08,0.7833333333333333,0.0,0.0,0.0,1.002389344417254
2024-04-30,0.0016548882853968504,9.222961685386573e-09,0.5333333333333333,0.0,0.0,0.0,1.002389344417254
2024-05-01,0.000281214848143989,9.14089502930138e-09,0.5333333333333333,0.0,0.0,0.0,1.002389344417254
2024-05-02,-0.00503104920104163,-2.1987888109730757e-09,0.2833333333333333,0.0,-0.0,-0.0,1.002389344417254
2024-05-03,0.008970913079073798,3.878634875580057e-09,0.43333333333333335,0.0,0.0,0.0,1.002389344417254
2024-05-06,0.011415984701264406,3.965201052072926e-09,0.45,0.0,0.0,0.0,1.002389344417254
2024-05-07,0.014841941452915411,7.13308010994247e-08,0.9833333333333333,0.0,0.0,0.0,1.002389344417254
2024-05-08,-0.0015955975152643106,2.8200724147180958e-08,0.8,-1.0,0.0015955975152643106,9.55975152643106e-05,1.0024851703479079
2024-05-09,-0.0003059779015959752,-2.1499395164468506e-08,0.11666666666666667,0.0,-0.0,-0.0,1.0024851703479079
2024-05-10,0.008394302882961413,8.203863825287715e-09,0.5666666666666667,0.0,0.0,0.0,1.0024851703479079
2024-05-13,0.0024831095234107096,-3.4301803694969874e-09,0.2833333333333333,0.0,0.0,0.0,1.0024851703479079
2024-05-14,0.0017746262789712858,1.541528433236805e-08,0.7166666666666667,0.0,0.0,0.0,1.0024851703479079
2024-05-15,-4.190428299871899e-05,1.5017680810464794e-08,0.6833333333333333,0.0,-0.0,-0.0,1.0024851703479079
2024-05-16,0.014639832687626364,2.308598187715188e-08,0.75,0.0,0.0,0.0,1.0024851703479079
2024-05-17,-0.003991187698993499,-1.8687557140267937e-08,0.13333333333333333,0.0,-0.0,-0.0,1.0024851703479079
2024-05-20,0.0044640640931152805,-3.202769346134604e-09,0.3,0.0,0.0,0.0,1.0024851703479079
2024-05-21,-0.002105727274109423,-5.408510565328187e-09,0.26666666666666666,0.0,-0.0,-0.0,1.0024851703479079
2024-05-22,0.0006758872452057758,1.2752421310462654e-08,0.6166666666666667,0.0,0.0,0.0,1.0024851703479079
2024-05-23,-0.0005652738522649219,2.3148093395766003e-08,0.7666666666666667,0.0,-0.0,-0.0,1.0024851703479079
2024-05-24,-0.011511236341144801,-1.2787252791878092e-08,0.2,0.0,-0.0,-0.0,1.0024851703479079
2024-05-27,0.003461639618175278,-2.7567749566165872e-09,0.35,0.0,0.0,0.0,1.0024851703479079
2024-05-28,-0.0018440252436747366,6.65157986120168e-09,0.5,0.0,-0.0,-0.0,1.0024851703479079
2024-05-29,2.668221858842057e-05,-4.904192516607116e-08,0.016666666666666666,0.0,0.0,0.0,1.0024851703479079
2024-05-30,-0.00558265309680338,-3.4125805276096674e-08,0.08333333333333333,1.0,-0.00558265309680338,-0.007082653096803381,0.9953849156516438
2024-05-31,0.0074747530380937025,-4.677247052116607e-08,0.05,1.0,0.0074747530380937025,0.005974753038093703,1.0013320947005062
2024-06-03,0.00744109623503323,1.4588067133290312e-08,0.6666666666666666,1.0,0.00744109623503323,0.005941096235033231,1.0072811050383494
2024-06-04,-0.005258375703211054,-3.653702911631858e-09,0.3,0.0,-0.0,-0.0,1.0072811050383494
2024-06-05,0.008920790538437534,3.01253579643544e-08,0.85,0.0,0.0,0.0,1.0072811050383494
2024-06-06,-0.0007051588341373663,2.9324206228574085e-08,0.8166666666666667,0.0,-0.0,-0.0,1.0072811050383494
2024-06-07,0.009802863792598551,2.8091441457897685e-08,0.7833333333333333,0.0,0.0,0.0,1.0072811050383494
2024-06-10,-0.00925306407955968,-6.877870663656383e-09,0.25,0.0,-0.0,-0.0,1.0072811050383494
2024-06-11,0.004472926719891921,-9.067081102850347e-09,0.23333333333333334,0.0,0.0,0.0,1.0072811050383494
2024-06-12,0.0015692458434123687,1.3935245674180428e-08,0.6,0.0,0.0,0.0,1.0072811050383494
2024-06-13,0.014384965831435031,7.645727261791909e-08,1.0,0.0,0.0,0.0,1.0072811050383494
2024-06-14,0.0038251283827539077,2.246499507394064e-08,0.7166666666666667,-1.0,-0.0038251283827539077,-0.005325128382753908,1.001917203836498
2024-06-17,-0.002271368349008519,-4.525651738081473e-09,0.2833333333333333,0.0,-0.0,-0.0,1.001917203836498
2024-06-18,0.006546595354638637,2.9753881338348593e-08,0.8666666666666667,0.0,0.0,0.0,1.001917203836498
2024-06-19,0.0074739031840926765,1.7289134462380797e-08,0.7,0.0,0.0,0.0,1.001917203836498
2024-06-20,0.0007489859027504771,1.8421210315520207e-08,0.7,0.0,0.0,0.0,1.001917203836498
2024-06-21,-0.006128827284549054,-1.1658087275090883e-08,0.2,0.0,-0.0,-0.0,1.001917203836498
2024-06-24,-0.003913558804016429,-2.6793940869965486e-08,0.11666666666666667,0.0,-0.0,-0.0,1.001917203836498
2024-06-25,-0.0005746219888680118,7.110945561916117e-09,0.5333333333333333,0.0,-0.0,-0.0,1.001917203836498
2024-06-26,-0.0020805112968769676,1.72582854642801e-08,0.7,0.0,-0.0,-0.0,1.001917203836498
2024-06-27,-0.006725507108440955,2.643896022832594e-08,0.8166666666666667,0.0,-0.0,-0.0,1.001917203836498
2024-06-28,0.0027545128910459052,7.382797904456593e-09,0.5166666666666667,0.0,0.0,0.0,1.001917203836498
2024-07-01,-0.0022934758405699683,-3.911687509531425e-09,0.31666666666666665,0.0,-0.0,-0.0,1.001917203836498
2024-07-02,-0.00038528650126513404,-7.337980264728885e-09,0.26666666666666666,0.0,-0.0,-0.0,1.001917203836498
2024-07-03,0.006501308121582281,1.5170978137866044e-08,0.6666666666666666,0.0,0.0,0.0,1.001917203836498
2024-07-04,0.007426157196300052,1.614362009840571e-08,0.7,0.0,0.0,0.0,1.001917203836498
2024-07-05,0.004973971267222185,6.388152153807184e-08,0.9666666666666667,0.0,0.0,0.0,1.001917203836498
2024-07-08,0.0011520153022409364,2.7817519707303428e-08,0.8333333333333334,-1.0,-0.0011520153022409364,-0.0026520153022409365,0.9992601040803453
2024-07-09,0.004052072205826293,1.2493401770880546e-08,0.55,0.0,0.0,0.0,0.9992601040803453
2024-07-10,-0.001938866142414553,1.989569553871901e-08,0.7166666666666667,0.0,-0.0,-0.0,0.9992601040803453
2024-07-11,0.007617871113856343,3.145288252047097e-08,0.9333333333333333,0.0,0.0,0.0,0.9992601040803453
2024-07-12,-0.009963325183374097,-2.2874597658565716e-08,0.11666666666666667,-1.0,0.009963325183374097,0.008463325183374098,1.0077171672839496
2024-07-15,0.005518884420353242,2.229978990652062e-09,0.38333333333333336,0.0,0.0,0.0,1.0077171672839496
2024-07-16,0.0005043797580428152,6.431372583863845e-09,0.4166666666666667,0.0,0.0,0.0,1.0077171672839496
2024-07-17,-0.0009934555211110155,-1.4948185913493867e-08,0.15,0.0,-0.0,-0.0,1.0077171672839496
2024-07-18,-0.013315954615184615,-1.4217086230983967e-08,0.15,0.0,-0.0,-0.0,1.0077171672839496
2024-07-19,-0.009157840017991135,-2.299309169635233e-08,0.08333333333333333,0.0,-0.0,-0.0,1.0077171672839496
2024-07-22,-0.00042809494029009607,-1.381617897809296e-08,0.18333333333333332,1.0,-0.00042809494029009607,-0.0019280949402900962,1.005774192912466
2024-07-23,0.007792472177820699,2.0513783220889197e-08,0.7666666666666667,0.0,0.0,0.0,1.005774192912466
2024-07-24,-0.007589036057304279,-1.5984402952822636e-08,0.15,0.0,-0.0,-0.0,1.005774192912466
2024-07-25,-0.015414287277928844,-4.559493602083139e-08,0.05,0.0,-0.0,-0.0,1.005774192912466
2024-07-26,0.004109203923577307,5.232301508932742e-10,0.43333333333333335,1.0,0.004109203923577307,0.002609203923577307,1.008398462882846
2024-07-29,0.005664584679995105,3.079906316406422e-08,0.9333333333333333,0.0,0.0,0.0,1.008398462882846
2024-07-30,-0.008526109320141024,-1.8393448327911513e-08,0.16666666666666666,-1.0,0.008526109320141024,0.007026109320141024,1.015483580721323
2024-07-31,0.0004044350500202009,5.088518650188307e-09,0.48333333333333334,0.0,0.0,0.0,1.015483580721323
2024-08-01,0.009575113751597458,2.8822310772246884e-08,0.8833333333333333,0.0,0.0,0.0,1.015483580721323
2024-08-02,-0.021955960253696644,-5.805870921532529e-08,0.016666666666666666,0.0,-0.0,-0.0,1.015483580721323
2024-08-05,-0.026159157076412566,-4.816207605245416e-08,0.05,1.0,-0.026159157076412566,-0.027659157076412567,0.987396160853634
2024-08-06,0.03440649871678907,9.278164335283204e-09,0.5666666666666667,1.0,0.03440649871678907,0.03290649871678907,1.0198879113537267
2024-08-07,-0.005730886594490672,-7.989845548347191e-09,0.31666666666666665,0.0,-0.0,-0.0,1.0198879113537267
2024-08-08,-0.014925678551550378,-3.4307873536530377e-08,0.1,0.0,-0.0,-0.0,1.0198879113537267
2024-08-09,0.020335814750156597,2.6377993882385235e-09,0.5,0.0,0.0,0.0,1.0198879113537267
2024-08-12,0.006387808041504629,-3.551226996031796e-09,0.43333333333333335,0.0,0.0,0.0,1.0198879113537267
2024-08-13,0.0030969427205818738,-2.7597805034904684e-09,0.43333333333333335,0.0,0.0,0.0,1.0198879113537267
2024-08-14,0.013216299836297189,2.917678845265437e-08,0.8833333333333333,0.0,0.0,0.0,1.0198879113537267
2024-08-15,0.0028046601726371043,2.9928306103557844e-08,0.9166666666666666,0.0,0.0,0.0,1.0198879113537267
2024-08-16,0.01990199534933478,7.98198951803933e-08,1.0,-1.0,-0.01990199534933478,-0.02140199534933478,0.9980602750180915
2024-08-19,0.0013957708144324114,-1.285242337535957e-08,0.26666666666666666,-1.0,-0.0013957708144324114,-0.0028957708144324115,0.9951701212026497
2024-08-20,0.010571925100200307,2.5654170944568322e-08,0.7666666666666667,0.0,0.0,0.0,0.9951701212026497
2024-08-21,-0.0054284861846769315,-1.882380100476356e-08,0.16666666666666666,0.0,-0.0,-0.0,0.9951701212026497
2024-08-22,0.002955370023992903,2.5877345200966165e-10,0.43333333333333335,0.0,0.0,0.0,0.9951701212026497
2024-08-23,-0.007647031381208449,-1.2307257072510118e-08,0.25,0.0,-0.0,-0.0,0.9951701212026497
2024-08-26,0.004975938589826011,-3.7826190624965755e-08,0.06666666666666667,0.0,0.0,0.0,0.9951701212026497
2024-08-27,-0.0017463418836215984,-2.7597549637243223e-08,0.1,1.0,-0.0017463418836215984,-0.0032463418836215984,0.9919394587568607
2024-08-28,0.0003343179324207229,-2.7878180638517514e-08,0.1,0.0,0.0,0.0,0.9919394587568607
2024-08-29,-0.015435276365322576,-3.1732588680118625e-08,0.1,0.0,-0.0,-0.0,0.9919394587568607
2024-08-30,0.0058254824040965955,-9.557890131791514e-09,0.35,0.0,0.0,0.0,0.9919394587568607
2024-09-02,0.0032724481235853614,1.15607295334273e-08,0.6333333333333333,0.0,0.0,0.0,0.9919394587568607
2024-09-03,0.0002134353607057452,-2.110265032845145e-08,0.2,0.0,0.0,0.0,0.9919394587568607
2024-09-04,-0.03164163150043473,-5.553655671542372e-08,0.03333333333333333,0.0,-0.0,-0.0,0.9919394587568607
2024-09-05,0.005748526733540124,-3.3997447761312826e-08,0.11666666666666667,1.0,0.005748526733540124,0.0042485267335401235,0.9961537400654426
2024-09-06,-0.00014088300495149515,-2.0981253294913346e-08,0.25,0.0,-0.0,-0.0,0.9961537400654426
2024-09-09,-0.020880131335312326,-2.8628236304740507e-08,0.15,0.0,-0.0,-0.0,0.9961537400654426
2024-09-10,0.0010230071357906377,-5.7814381613279564e-08,0.03333333333333333,0.0,0.0,0.0,0.9961537400654426
2024-09-11,-9.316586064091957e-05,-6.486407737191484e-08,0.016666666666666666,1.0,-9.316586064091957e-05,-0.0015931658606409195,0.9945667019348204
2024-09-12,0.013662098433566146,3.665431133762915e-08,0.9666666666666667,1.0,0.013662098433566146,0.012162098433566146,1.006662720062499
2024-09-13,-0.0004030967806279998,-7.493444842154871e-08,0.016666666666666666,-1.0,0.0004030967806279998,-0.0010969032193720001,1.0055585084840406
2024-09-16,-0.00082247090197643,-7.406377903555584e-08,0.03333333333333333,1.0,-0.00082247090197643,-0.0023224709019764303,1.0032231281078516
2024-09-17,-0.00082247090197643,-7.460432710197076e-08,0.03333333333333333,1.0,-0.00082247090197643,-0.0023224709019764303,1.0008931715846314
2024-09-18,-0.00082247090197643,-7.681332349997357e-08,0.016666666666666666,1.0,-0.00082247090197643,-0.0023224709019764303,0.9985686263176392
2024-09-19,0.005092673362742801,-7.255947231910431e-08,0.08333333333333333,1.0,0.005092673362742801,0.003592673362742801,1.0021561572222812
2024-09-20,0.011059513879378712,7.621697760885347e-09,0.7166666666666667,1.0,0.011059513879378712,0.009559513879378713,1.0117362829165524
2024-09-23,0.0009036442859972498,-4.53692773580939e-08,0.2,0.0,0.0,0.0,1.0117362829165524
2024-09-24,0.00399855345239955,-1.6714061485161112e-08,0.43333333333333335,0.0,0.0,0.0,1.0117362829165524
2024-09-25,0.0075023965424796495,-3.267781743774562e-08,0.26666666666666666,0.0,0.0,0.0,1.0117362829165524
2024-09-26,0.01422599312176938,4.21441253558906e-08,0.9666666666666667,0.0,0.0,0.0,1.0117362829165524
2024-09-27,0.0032327715228748152,1.3676971646588953e-08,0.8,-1.0,-0.0032327715228748152,-0.004732771522874815,1.0069479662481058
2024-09-30,0.0046400449943757765,-6.024363890366191e-08,0.11666666666666667,0.0,0.0,0.0,1.0069479662481058
2024-10-01,0.028378856292202385,-6.058938980098273e-08,0.11666666666666667,0.0,0.0,0.0,1.0069479662481058
2024-10-02,-0.0119749644287629,-2.068833782375558e-08,0.45,0.0,-0.0,-0.0,1.0069479662481058
2024-10-03,-0.0015542146644725795,-2.1576437818760375e-08,0.4166666666666667,0.0,-0.0,-0.0,1.0069479662481058
2024-10-04,0.0019739357369637127,9.405238408073528e-09,0.8166666666666667,0.0,0.0,0.0,1.0069479662481058
2024-10-07,0.004577625098298889,7.593541627878698e-09,0.7666666666666667,0.0,0.0,0.0,1.0069479662481058
2024-10-08,-0.008368541779557766,-2.785333269718878e-08,0.36666666666666664,0.0,-0.0,-0.0,1.0069479662481058
2024-10-09,-0.0006405387094787188,-2.7540432007333064e-08,0.4,0.0,-0.0,-0.0,1.0069479662481058
2024-10-10,0.008359851362171315,9.529170100275149e-09,0.8166666666666667,0.0,0.0,0.0,1.0069479662481058
2024-10-11,0.00409330607194212,-3.082872951444155e-08,0.3333333333333333,0.0,0.0,0.0,1.0069479662481058
2024-10-14,0.0015045484919668888,3.239280523479967e-09,0.7166666666666667,0.0,0.0,0.0,1.0069479662481058
2024-10-15,0.004324276039044207,1.514664605646562e-08,0.8666666666666667,0.0,0.0,0.0,1.0069479662481058
2024-10-16,-0.012340637168284716,-5.0426257919518775e-08,0.2,0.0,-0.0,-0.0,1.0069479662481058
2024-10-17,0.004056107443958031,-2.618655059232209e-08,0.43333333333333335,0.0,0.0,0.0,1.0069479662481058
2024-10-18,0.0028892888186972825,-3.343178995376321e-08,0.3,0.0,0.0,0.0,1.0069479662481058
2024-10-21,0.002579503846628536,1.05370328079158e-08,0.8333333333333334,0.0,0.0,0.0,1.0069479662481058
2024-10-22,-0.0013926549738263157,-2.8976011529966725e-08,0.36666666666666664,0.0,-0.0,-0.0,1.0069479662481058
2024-10-23,0.0006323873871999724,1.7755079506127883e-08,0.8833333333333333,0.0,0.0,0.0,1.0069479662481058
2024-10-24,-0.005069166138628595,-4.5596770052621704e-08,0.23333333333333334,0.0,-0.0,-0.0,1.0069479662481058
2024-10-25,0.0035923811582933996,-2.401419906142637e-08,0.48333333333333334,0.0,0.0,0.0,1.0069479662481058
2024-10-28,0.0014774122396321793,3.4004597013611517e-09,0.7333333333333333,0.0,0.0,0.0,1.0069479662481058
2024-10-29,-0.0016448112373503737,-8.12101879057157e-09,0.6333333333333333,0.0,-0.0,-0.0,1.0069479662481058
2024-10-30,-0.003718752434409206,-2.652513849552956e-08,0.45,0.0,-0.0,-0.0,1.0069479662481058
2024-10-31,-0.009680514088642374,-4.637286232908426e-08,0.2,0.0,-0.0,-0.0,1.0069479662481058
2024-11-01,-0.005972010646667887,-4.734009412261578e-09,0.6666666666666666,0.0,-0.0,-0.0,1.0069479662481058
2024-11-04,0.003450559555898574,2.7132569119203152e-08,0.9166666666666666,0.0,0.0,0.0,1.0069479662481058
2024-11-05,-0.007312364882460681,-1.745626717191992e-08,0.5833333333333334,-1.0,0.007312364882460681,0.005812364882460681,1.0128007152455913
2024-11-06,0.005223527065100734,-7.634594704806093e-09,0.6833333333333333,0.0,0.0,0.0,1.0128007152455913
2024-11-07,-0.002573857616032012,2.027765641907813e-09,0.7333333333333333,0.0,-0.0,-0.0,1.0128007152455913
2024-11-08,0.008588444258698227,1.3860425916607967e-08,0.9,0.0,0.0,0.0,1.0128007152455913
2024-11-11,-0.0032477439256320905,-3.396888526069069e-08,0.2833333333333333,0.0,-0.0,-0.0,1.0128007152455913
2024-11-12,-0.0031502615311460127,-1.7200768762206017e-08,0.6166666666666667,0.0,-0.0,-0.0,1.0128007152455913
2024-11-13,-0.007347002579266894,-3.56118816296098e-08,0.26666666666666666,0.0,-0.0,-0.0,1.0128007152455913
2024-11-14,0.0033878962947112745,-1.495150426132741e-08,0.65,0.0,0.0,0.0,1.0128007152455913
2024-11-15,-0.0022558107267380547,4.899135262531873e-10,0.7333333333333333,0.0,-0.0,-0.0,1.0128007152455913
2024-11-18,0.007439828830668528,-4.462494490271166e-09,0.7166666666666667,0.0,0.0,0.0,1.0128007152455913
2024-11-19,-0.003039963120332866,-2.013505325738901e-08,0.5666666666666667,0.0,-0.0,-0.0,1.0128007152455913
2024-11-20,0.0014024451326008628,-1.3487702027953507e-08,0.6333333333333333,0.0,0.0,0.0,1.0128007152455913
2024-11-21,-0.0023137074116921217,-2.1449046247072024e-08,0.48333333333333334,0.0,-0.0,-0.0,1.0128007152455913
2024-11-22,0.004320950087375372,1.513671850715792e-08,0.9166666666666666,0.0,0.0,0.0,1.0128007152455913
2024-11-25,0.009565758647221093,4.775625202015963e-10,0.7166666666666667,-1.0,-0.009565758647221093,-0.011065758647221093,1.0015933069729506
2024-11-26,-0.0037584064016344286,-1.7246153187248674e-08,0.5666666666666667,0.0,-0.0,-0.0,1.0015933069729506
2024-11-27,-0.0022466822994751555,-1.8814816503730518e-08,0.5333333333333333,0.0,-0.0,-0.0,1.0015933069729506
2024-11-28,-0.00048234280792415626,-3.5982880013078937e-08,0.23333333333333334,0.0,-0.0,-0.0,1.0015933069729506
2024-11-29,-0.0020832434763855628,-5.221207913633499e-08,0.16666666666666666,0.0,-0.0,-0.0,1.0015933069729506
2024-12-02,0.008831429161739623,7.680615102661061e-10,0.7333333333333333,0.0,0.0,0.0,1.0015933069729506
2024-12-03,0.004993834771886424,5.4867088395254544e-08,1.0,0.0,0.0,0.0,1.0015933069729506
2024-12-04,-0.022104576800342023,-2.6184780576931453e-08,0.4,-1.0,0.022104576800342023,0.02060457680034202,1.0222307131891832
2024-12-05,0.0005351158832920153,-2.1037681783613493e-08,0.4666666666666667,0.0,0.0,0.0,1.0222307131891832
2024-12-06,0.002128469272160837,-1.496704690661229e-08,0.5833333333333334,0.0,0.0,0.0,1.0222307131891832
2024-12-09,-0.015356300940718276,1.956689394961398e-08,0.95,0.0,-0.0,-0.0,1.0222307131891832
2024-12-10,0.010020178248858815,1.1988574817952371e-08,0.85,-1.0,-0.010020178248858815,-0.011520178248858814,1.0104544331617857
2024-12-11,-0.0023545390777533954,-1.3359301019827874e-08,0.5833333333333334,0.0,-0.0,-0.0,1.0104544331617857
2024-12-12,0.0071153642430876315,-3.3237920796099425e-09,0.65,0.0,0.0,0.0,1.0104544331617857
2024-12-13,-0.0015096999308234608,-9.772589343903108e-09,0.5833333333333334,0.0,-0.0,-0.0,1.0104544331617857
2024-12-16,0.007889264979876971,-3.2777265396041826e-08,0.18333333333333332,0.0,0.0,0.0,1.0104544331617857
2024-12-17,-0.0014885202205087167,-4.772855411681335e-08,0.08333333333333333,0.0,-0.0,-0.0,1.0104544331617857
2024-12-18,0.0013526527753456885,2.674371398900656e-08,0.95,1.0,0.0013526527753456885,-0.00014734722465431158,1.0103055455054197
2024-12-19,-0.024456756990736735,-2.9130810880864734e-08,0.23333333333333334,-1.0,0.024456756990736735,0.022956756990736734,1.0334988843999813
2024-12-20,-0.00328077606713656,-5.7288382527404554e-08,0.05,0.0,-0.0,-0.0,1.0334988843999813
2024-12-23,0.007486453511321659,2.000715693352741e-08,0.95,1.0,0.007486453511321659,0.00598645351132166,1.0396858774254445
2024-12-24,0.003850149187755569,-3.939271986753514e-10,0.6666666666666666,-1.0,-0.003850149187755569,-0.005350149187755569,1.034123402872816
2024-12-25,0.0024631629130653252,-4.0078865924738904e-10,0.65,0.0,0.0,0.0,1.034123402872816
2024-12-26,0.0041847283899390025,5.751082569434602e-10,0.7,0.0,0.0,0.0,1.034123402872816
2024-12-27,-0.005495651865103547,-1.5548258569784112e-08,0.4666666666666667,0.0,-0.0,-0.0,1.034123402872816
2024-12-30,-0.004074186955430318,1.174182025704425e-08,0.8333333333333334,0.0,-0.0,-0.0,1.034123402872816
2024-12-31,-0.00412328625914846,1.2228693181795286e-08,0.85,0.0,-0.0,-0.0,1.034123402872816
2025-01-01,-0.00412328625914846,1.2757688959342888e-08,0.85,0.0,-0.0,-0.0,1.034123402872816
2025-01-02,-0.0017568784930285415,-3.365735504659198e-08,0.16666666666666666,0.0,-0.0,-0.0,1.034123402872816
2025-01-03,-0.0007473206094914518,3.789406307096984e-08,0.9833333333333333,0.0,-0.0,-0.0,1.034123402872816
2025-01-06,0.003380318740820324,1.668079881057666e-08,0.8833333333333333,-1.0,-0.003380318740820324,-0.004880318740820324,1.0290765510494548
2025-01-07,0.008451369216241565,1.2623487839504837e-08,0.8166666666666667,0.0,0.0,0.0,1.0290765510494548
2025-01-08,-0.00626815143235195,5.997067159515653e-09,0.7333333333333333,0.0,-0.0,-0.0,1.0290765510494548
2025-01-09,0.003092432685354537,4.26106255223149e-08,0.9833333333333333,0.0,0.0,0.0,1.0290765510494548
2025-01-10,0.0006284234215107716,-7.040671447292868e-09,0.5166666666666667,-1.0,-0.0006284234215107716,-0.0021284234215107715,1.0268862404156736
2025-01-13,-0.005144650713139038,-5.304145316938262e-08,0.03333333333333333,0.0,-0.0,-0.0,1.0268862404156736
2025-01-14,0.003291474520190868,-1.1965176766079064e-08,0.4666666666666667,1.0,0.003291474520190868,0.0017914745201908682,1.0287258809505127
2025-01-15,0.00543770283921168,-6.763124415708542e-09,0.55,0.0,0.0,0.0,1.0287258809505127
2025-01-16,0.0140170028223308,5.738064053261073e-08,1.0,0.0,0.0,0.0,1.0287258809505127
2025-01-17,-0.0028674443266172717,-1.9548757322634744e-08,0.2833333333333333,-1.0,0.0028674443266172717,0.0013674443266172716,1.0301326063200626
2025-01-20,0.004196380409529398,-3.176349817845651e-08,0.18333333333333332,0.0,0.0,0.0,1.0301326063200626
2025-01-21,0.0053476618881163306,-1.3843910483814143e-08,0.43333333333333335,0.0,0.0,0.0,1.0301326063200626
2025-01-22,0.006010310681593948,2.3596529674969803e-08,0.9,0.0,0.0,0.0,1.0301326063200626
2025-01-23,-0.0019331548667175296,-4.33800572399371e-08,0.08333333333333333,0.0,-0.0,-0.0,1.0301326063200626
2025-01-24,0.004041504120207095,2.1677634607915738e-08,0.8833333333333333,1.0,0.004041504120207095,0.0025415041202070947,1.0327506925833847
2025-01-27,-0.003285625599162016,2.145146662700858e-08,0.8833333333333333,0.0,-0.0,-0.0,1.0327506925833847
2025-01-28,-0.003285625599162016,2.1562616049572205e-08,0.8833333333333333,0.0,-0.0,-0.0,1.0327506925833847
2025-01-29,-0.003285625599162016,2.227581412263952e-08,0.9,0.0,-0.0,-0.0,1.0327506925833847
2025-01-30,-0.003285625599162016,2.251358365517966e-08,0.9,0.0,-0.0,-0.0,1.0327506925833847
2025-01-31,-0.012694846466685507,-7.011684210989178e-08,0.016666666666666666,0.0,-0.0,-0.0,1.0327506925833847
2025-02-03,-0.01846668967015549,-5.4734738034174275e-08,0.05,1.0,-0.01846668967015549,-0.019966689670155493,1.012130079997934
2025-02-04,0.011086824157099093,2.5540931288095064e-08,0.9166666666666666,1.0,0.011086824157099093,0.009586824157099093,1.0218331930989848
2025-02-05,0.00810796808620877,7.151013628606019e-09,0.65,-1.0,-0.00810796808620877,-0.009607968086208769,1.012015452390261
2025-02-06,0.006162355009687187,2.1084616397199616e-08,0.8,0.0,0.0,0.0,1.012015452390261
2025-02-07,-0.0016146099009733724,-1.3514181649852033e-08,0.38333333333333336,0.0,-0.0,-0.0,1.012015452390261
2025-02-10,-0.0058722520192492685,-1.9957587427242313e-08,0.2833333333333333,0.0,-0.0,-0.0,1.012015452390261
2025-02-11,0.003851861874178011,5.846025281404726e-09,0.6,0.0,0.0,0.0,1.012015452390261
2025-02-12,-0.0022757292008447998,1.2158172137063123e-08,0.6666666666666666,0.0,-0.0,-0.0,1.012015452390261
2025-02-13,0.004060512566151405,-4.056206822314137e-09,0.4666666666666667,0.0,0.0,0.0,1.012015452390261
2025-02-14,0.002742336853844742,-4.848271503985528e-09,0.4666666666666667,0.0,0.0,0.0,1.012015452390261
2025-02-17,0.0026194909993792373,-7.600591284181675e-09,0.43333333333333335,0.0,0.0,0.0,1.012015452390261
2025-02-18,0.0020716333906279005,-1.3058100145781228e-09,0.5166666666666667,0.0,0.0,0.0,1.012015452390261
2025-02-19,0.003929105100507582,1.1629391348498792e-08,0.6333333333333333,0.0,0.0,0.0,1.012015452390261
2025-02-20,-0.000721376386144837,-2.2322432934567656e-08,0.21666666666666667,0.0,-0.0,-0.0,1.012015452390261
2025-02-21,0.0006260678495983803,-4.012744361263774e-09,0.4666666666666667,0.0,0.0,0.0,1.012015452390261
2025-02-24,-0.009659418740240741,-1.3636794103998042e-08,0.31666666666666665,0.0,-0.0,-0.0,1.012015452390261
2025-02-25,-0.009555224170908184,-1.5403022197577823e-08,0.2833333333333333,0.0,-0.0,-0.0,1.012015452390261
2025-02-26,-0.0002975086705437962,-1.9155834064989443e-08,0.25,0.0,-0.0,-0.0,1.012015452390261
2025-02-27,-0.0001501142085126485,-1.2111960674345702e-08,0.36666666666666664,0.0,-0.0,-0.0,1.012015452390261
2025-02-28,-0.015790355058345834,-9.312337858254058e-08,0.016666666666666666,0.0,-0.0,-0.0,1.012015452390261
2025-03-03,0.019383632633204376,-8.846549883476014e-08,0.03333333333333333,1.0,0.019383632633204376,0.017883632633204374,1.0301139649599345
2025-03-04,-0.006654398544746925,-6.288965147920939e-09,0.48333333333333334,1.0,-0.006654398544746925,-0.008154398544746925,1.0217140051431417
2025-03-05,0.006466320892233535,-7.225823445331239e-09,0.43333333333333335,0.0,0.0,0.0,1.0217140051431417
2025-03-06,0.005866566025076629,-3.2688674960940194e-09,0.55,0.0,0.0,0.0,1.0217140051431417
2025-03-07,-0.00807141932547484,5.323117073593664e-09,0.6166666666666667,0.0,-0.0,-0.0,1.0217140051431417
2025-03-10,-0.004314255948380151,-2.5542113420232776e-08,0.2,0.0,-0.0,-0.0,1.0217140051431417
2025-03-11,-0.025206627181181177,-8.667700375941083e-08,0.05,0.0,-0.0,-0.0,1.0217140051431417
2025-03-12,0.004386876705005744,2.3290346539271404e-08,0.9166666666666666,1.0,0.004386876705005744,0.0028868767050057443,1.0246635675037674
2025-03-13,0.007873621072065523,-3.1938594430399723e-08,0.16666666666666666,-1.0,-0.007873621072065523,-0.009373621072065522,1.0150587594956362
2025-03-14,-0.0017724492824507609,-3.3956995285074175e-09,0.5166666666666667,0.0,-0.0,-0.0,1.0150587594956362
2025-03-17,0.00814983675275766,2.9157543083851512e-08,0.95,0.0,0.0,0.0,1.0150587594956362
2025-03-18,0.0076798623768662075,2.141868747480183e-08,0.8,-1.0,-0.0076798623768662075,-0.009179862376866207,1.0057406597790337
2025-03-19,-0.00011468124756822512,7.040978434934893e-09,0.6333333333333333,0.0,-0.0,-0.0,1.0057406597790337
2025-03-20,0.006447403299145625,2.876312067337817e-08,0.9333333333333333,0.0,0.0,0.0,1.0057406597790337
2025-03-21,-0.005084159322654931,4.8811270713460364e-08,0.9833333333333333,-1.0,0.005084159322654931,0.003584159322654931,1.0093453945409538
2025-03-24,-0.003087962229346168,-5.414061554450984e-10,0.55,-1.0,0.003087962229346168,0.001587962229346168,1.0109481969038494
2025-03-25,0.006720413664297402,-1.7838785293144279e-09,0.5333333333333333,0.0,0.0,0.0,1.0109481969038494
2025-03-26,0.0036802306716010383,2.6029728258302338e-08,0.9,0.0,0.0,0.0,1.0109481969038494
2025-03-27,-0.010244668217533493,4.079247282259472e-09,0.5666666666666667,0.0,-0.0,-0.0,1.0109481969038494
2025-03-28,-0.005874011723290765,-5.743063789689945e-08,0.08333333333333333,0.0,-0.0,-0.0,1.0109481969038494
2025-03-31,-0.01787149523861615,-1.3654529058318695e-07,0.016666666666666666,1.0,-0.01787149523861615,-0.01937149523861615,0.9913646187210389
2025-04-01,0.009542158636759997,-3.054702775080164e-08,0.2,1.0,0.009542158636759997,0.008042158636759998,0.9993373302516646
2025-04-02,0.0034991677770067216,-7.625957753518065e-08,0.08333333333333333,0.0,0.0,0.0,0.9993373302516646
2025-04-03,-0.02880691948978194,-1.1025287128635297e-07,0.03333333333333333,1.0,-0.02880691948978194,-0.030306919489781942,0.9690504942405938
2025-04-04,-0.015190354945943204,-1.3368996435511645e-07,0.03333333333333333,1.0,-0.015190354945943204,-0.016690354945943203,0.9528766975311765
2025-04-07,-0.04131643802752404,-1.5387074611483455e-07,0.016666666666666666,1.0,-0.04131643802752404,-0.042816438027524044,0.9120779114634612
2025-04-08,0.02259617830859391,-4.582365168656785e-08,0.2,1.0,0.02259617830859391,0.021096178308593908,0.9313192697150243
2025-04-09,-0.00425843737470091,-7.042149548604073e-08,0.15,0.0,-0.0,-0.0,0.9313192697150243
2025-04-10,0.06038090317732426,2.674051460162272e-08,0.95,0.0,0.0,0.0,0.9313192697150243
2025-04-11,-0.016660935199146437,-4.230901990873535e-08,0.25,-1.0,0.016660935199146437,0.015160935199146438,0.9454389408128901
2025-04-14,0.010529759168228668,-1.7327225072470113e-08,0.36666666666666664,0.0,0.0,0.0,0.9454389408128901
2025-04-15,0.003676775978979795,-1.211470861535964e-08,0.43333333333333335,0.0,0.0,0.0,0.9454389408128901
2025-04-16,-0.0032828830391604855,-4.048198162637507e-08,0.26666666666666666,0.0,-0.0,-0.0,0.9454389408128901
2025-04-17,0.000963645484066872,-1.8474652777906522e-08,0.36666666666666664,0.0,0.0,0.0,0.9454389408128901
2025-04-18,0.0037144287922664114,-8.525026739589187e-09,0.48333333333333334,0.0,0.0,0.0,0.9454389408128901
2025-04-21,0.0013406854795112591,-3.116728513278578e-08,0.2833333333333333,0.0,0.0,0.0,0.9454389408128901
2025-04-22,-0.005173247659515674,-2.043703534543838e-08,0.35,0.0,-0.0,-0.0,0.9454389408128901
2025-04-23,0.015243678369626673,-1.1415880628683086e-08,0.5166666666666667,0.0,0.0,0.0,0.9454389408128901
2025-04-24,0.002082011674593017,-1.1709706089255732e-10,0.7333333333333333,0.0,0.0,0.0,0.9454389408128901
2025-04-25,0.00946249936092982,5.313681937652557e-08,1.0,0.0,0.0,0.0,0.9454389408128901
2025-04-28,0.0018507172585722894,-1.0267580307858384e-08,0.5,-1.0,-0.0018507172585722894,-0.0033507172585722895,0.9422710422369821
2025-04-29,0.0021377561603360224,6.097992998796172e-08,1.0,0.0,0.0,0.0,0.9422710422369821
2025-04-30,-0.0005844682810324791,-1.848940899339373e-08,0.36666666666666664,-1.0,0.0005844682810324791,-0.000915531718967521,0.9414083632099496
2025-05-01,0.0026999206898297747,-1.8326465049431798e-08,0.4,0.0,0.0,0.0,0.9414083632099496
2025-05-02,-0.0026324226725840927,-4.521730488558064e-09,0.6166666666666667,0.0,-0.0,-0.0,0.9414083632099496
2025-05-05,-0.004216139263165524,-4.569142526702601e-09,0.6,0.0,-0.0,-0.0,0.9414083632099496
2025-05-06,-0.004216139263165524,-4.617421392751021e-09,0.6,0.0,-0.0,-0.0,0.9414083632099496
2025-05-07,0.0075351380037991045,3.035680809019859e-08,0.95,0.0,0.0,0.0,0.9414083632099496
2025-05-08,0.003231761686879238,1.714685826271293e-08,0.8333333333333334,-1.0,-0.003231761686879238,-0.0047317616868792385,0.936953843185205
2025-05-09,0.003045698003793529,-1.517793582956782e-08,0.43333333333333335,0.0,0.0,0.0,0.936953843185205
2025-05-12,0.0066599453650210945,6.639201116184318e-09,0.7833333333333333,0.0,0.0,0.0,0.936953843185205
2025-05-13,0.0025585157307450304,1.552494921903e-08,0.8166666666666667,0.0,0.0,0.0,0.936953843185205
2025-05-14,0.0072706014096567476,3.533847105455208e-08,0.95,0.0,0.0,0.0,0.936953843185205
2025-05-15,-0.0013663646567009318,1.1803416892505355e-08,0.7833333333333333,-1.0,0.0013663646567009318,-0.0001336353432990682,0.9368286330367156
2025-05-16,0.004144551471070003,2.4686680029928776e-10,0.7,0.0,0.0,0.0,0.9368286330367156
2025-05-19,-0.0056699407233468495,-8.415587916704668e-09,0.5166666666666667,0.0,-0.0,-0.0,0.9368286330367156
2025-05-20,0.007734742609782465,-2.530422823038834e-09,0.6333333333333333,0.0,0.0,0.0,0.9368286330367156
2025-05-21,0.005205320994794642,1.9709119570992777e-08,0.8166666666666667,0.0,0.0,0.0,0.9368286330367156
2025-05-22,-0.0038411399617935254,-1.8287744765127272e-08,0.36666666666666664,0.0,-0.0,-0.0,0.9368286330367156
2025-05-23,0.003662593431389598,-3.359384695285714e-09,0.5833333333333334,0.0,0.0,0.0,0.9368286330367156
2025-05-26,0.001922805970644193,1.5689340278756215e-08,0.7833333333333333,0.0,0.0,0.0,0.9368286330367156
2025-05-27,-0.0043024320748957625,-4.140765222328717e-09,0.5333333333333333,0.0,-0.0,-0.0,0.9368286330367156
2025-05-28,0.005169075232873295,4.371729465843438e-08,0.95,0.0,0.0,0.0,0.9368286330367156
2025-05-29,0.01020712443584781,1.989865283622684e-08,0.8,-1.0,-0.01020712443584781,-0.01170712443584781,0.9258610636546896
2025-05-30,-0.002094659607914552,-4.325880410214936e-08,0.16666666666666666,0.0,-0.0,-0.0,0.9258610636546896
2025-06-02,-0.0011855956120987656,1.6780682602944827e-08,0.75,0.0,-0.0,-0.0,0.9258610636546896
2025-06-03,-0.002773947215291797,1.6895795238904387e-08,0.75,0.0,-0.0,-0.0,0.9258610636546896
2025-06-04,0.012462834687093964,7.388868716053985e-08,1.0,0.0,0.0,0.0,0.9258610636546896
2025-06-05,0.006965336567239626,6.121325786779705e-08,0.9833333333333333,-1.0,-0.006965336567239626,-0.008465336567239625,0.9180233381363502
2025-06-06,-0.008067449544937709,6.050231670998286e-08,0.95,-1.0,0.008067449544937709,0.006567449544937709,0.924052410090636
2025-06-09,0.014231945874956475,5.9549566295702293e-08,0.9333333333333333,-1.0,-0.014231945874956475,-0.015731945874956476,0.909515267589467
2025-06-10,0.006635817588496285,3.309639849741333e-08,0.85,-1.0,-0.006635817588496285,-0.008135817588496285,0.9021156172784067
2025-06-11,0.0057819930076480576,2.0109703694573132e-08,0.7666666666666667,0.0,0.0,0.0,0.9021156172784067
2025-06-12,0.0009239855562577845,2.1269445768535614e-08,0.7833333333333333,0.0,0.0,0.0,0.9021156172784067
2025-06-13,0.0058184310503023315,-3.7462503950534075e-09,0.5,0.0,0.0,0.0,0.9021156172784067
2025-06-16,0.0033319170822245785,-1.0313176242979361e-08,0.38333333333333336,0.0,0.0,0.0,0.9021156172784067
2025-06-17,0.005128543515636829,-3.825563041159424e-09,0.5166666666666667,0.0,0.0,0.0,0.9021156172784067
2025-06-18,-0.005432236148529982,9.711830434543398e-09,0.65,0.0,-0.0,-0.0,0.9021156172784067
2025-06-19,0.006514693446472547,-9.264626689708588e-09,0.4166666666666667,0.0,0.0,0.0,0.9021156172784067
2025-06-20,0.004161731628073845,2.7561842328745767e-08,0.8333333333333334,0.0,0.0,0.0,0.9021156172784067
2025-06-23,-0.009020724444555591,-1.53579261151987e-08,0.3,0.0,-0.0,-0.0,0.9021156172784067
2025-06-24,0.017016823287386483,2.59427516428415e-08,0.8,0.0,0.0,0.0,0.9021156172784067
2025-06-25,0.009645832318409828,-1.184348896614552e-08,0.31666666666666665,0.0,0.0,0.0,0.9021156172784067
2025-06-26,0.0016765943266547005,-3.236145730499718e-08,0.13333333333333333,0.0,0.0,0.0,0.9021156172784067
2025-06-27,0.0004452890522004929,-4.438354542907462e-08,0.06666666666666667,0.0,0.0,0.0,0.9021156172784067
2025-06-30,0.006254171507675587,-2.8253523724810056e-08,0.15,1.0,0.006254171507675587,0.004754171507675587,0.9064044296427008
2025-07-01,0.005408163265306084,4.8488054286438684e-09,0.5833333333333334,0.0,0.0,0.0,0.9064044296427008
2025-07-02,-0.0005604831364635998,-2.551645324992192e-08,0.13333333333333333,0.0,-0.0,-0.0,0.9064044296427008
2025-07-03,0.00700087554897635,3.733992038003257e-08,0.8833333333333333,0.0,0.0,0.0,0.9064044296427008
2025-07-04,0.0029619519089865713,-6.945611589852075e-09,0.4,0.0,0.0,0.0,0.9064044296427008
2025-07-07,-0.005549291493325041,3.280809610097917e-09,0.5666666666666667,0.0,-0.0,-0.0,0.9064044296427008
2025-07-08,0.00206061889135886,1.3922567406749313e-08,0.6333333333333333,0.0,0.0,0.0,0.9064044296427008
2025-07-09,0.0027590318432481834,-1.9432782019276947e-08,0.13333333333333333,0.0,0.0,0.0,0.9064044296427008
2025-07-10,0.003970322700924222,3.542454462314699e-08,0.8666666666666667,0.0,0.0,0.0,0.9064044296427008
2025-07-11,0.0029854302832243947,2.0410431748387282e-08,0.75,0.0,0.0,0.0,0.9064044296427008
2025-07-14,-0.001116888512052589,1.0145601147503319e-08,0.5666666666666667,0.0,-0.0,-0.0,0.9064044296427008
2025-07-15,-0.0026174473977506837,1.58366448698879e-08,0.6333333333333333,0.0,-0.0,-0.0,0.9064044296427008
2025-07-16,-0.0029242217445396533,1.5732789205099903e-09,0.4666666666666667,0.0,-0.0,-0.0,0.9064044296427008
2025-07-17,0.003429030884926484,-1.6044655646547604e-09,0.43333333333333335,0.0,0.0,0.0,0.9064044296427008
2025-07-18,0.0029359022759141533,1.4521493857045111e-08,0.6,0.0,0.0,0.0,0.9064044296427008
2025-07-21,-0.0006848552526374349,4.855188303973826e-08,0.9166666666666666,0.0,-0.0,-0.0,0.9064044296427008
2025-07-22,0.0010324172306413145,-8.891375221478174e-09,0.25,-1.0,-0.0010324172306413145,-0.0025324172306413146,0.904109035447144
2025-07-23,0.006718391937929749,2.2461145750835758e-08,0.7833333333333333,0.0,0.0,0.0,0.904109035447144
2025-07-24,0.006363322338343153,4.6668336287272176e-08,0.9166666666666666,0.0,0.0,0.0,0.904109035447144
2025-07-25,-0.0017119166347446964,2.3920625123963473e-08,0.7666666666666667,-1.0,0.0017119166347446964,0.0002119166347446964,0.9043006311913783
2025-07-28,0.00805099528185257,2.6529233178095298e-08,0.7833333333333333,0.0,0.0,0.0,0.9043006311913783
2025-07-29,-0.0040164031253691855,3.430703337356831e-08,0.8333333333333334,0.0,-0.0,-0.0,0.9043006311913783
2025-07-30,-0.0002619884926593512,3.231299207285301e-08,0.8,0.0,-0.0,-0.0,0.9043006311913783
2025-07-31,0.007320961630823508,2.182936776004968e-08,0.7,0.0,0.0,0.0,0.9043006311913783
2025-08-01,-0.013821173529913057,-3.9972100083426824e-08,0.05,0.0,-0.0,-0.0,0.9043006311913783
2025-08-04,-0.000898381868007482,2.620966993236081e-09,0.4,1.0,-0.000898381868007482,-0.002398381868007482,0.9021317729543011
2025-08-05,0.013486652864234392,2.16663609358939e-08,0.6833333333333333,0.0,0.0,0.0,0.9021317729543011
2025-08-06,-0.00538824893777923,1.6579504340825333e-08,0.5666666666666667,0.0,-0.0,-0.0,0.9021317729543011
2025-08-07,0.008320900583208994,-4.8111762973989405e-09,0.26666666666666666,0.0,0.0,0.0,0.9021317729543011
2025-08-08,0.0005141008108007357,-8.509152060454377e-09,0.23333333333333334,0.0,0.0,0.0,0.9021317729543011
2025-08-11,0.0029824791984713224,1.8213765140274908e-08,0.6,0.0,0.0,0.0,0.9021317729543011
2025-08-12,0.0003370941807431578,-4.773565033816736e-09,0.2833333333333333,0.0,0.0,0.0,0.9021317729543011
2025-08-13,0.011274796935151358,3.962935994079365e-08,0.8833333333333333,0.0,0.0,0.0,0.9021317729543011
2025-08-14,0.0017239013058134274,-1.760044451830341e-09,0.35,0.0,0.0,0.0,0.9021317729543011
2025-08-15,0.0023043326813322624,-1.7905226868953487e-09,0.3333333333333333,0.0,0.0,0.0,0.9021317729543011
2025-08-18,-0.005171351249966525,-3.450673601644942e-08,0.06666666666666667,0.0,-0.0,-0.0,0.9021317729543011
2025-08-19,0.0032837925760398523,-2.8953187887643348e-08,0.1,1.0,0.0032837925760398523,0.0017837925760398523,0.9037409889135066
2025-08-20,-0.010459891725521387,-1.9562215657379735e-08,0.15,0.0,-0.0,-0.0,0.9037409889135066
2025-08-21,0.003366933460674708,-8.310985525441096e-09,0.2833333333333333,0.0,0.0,0.0,0.9037409889135066
2025-08-22,0.006297825298395321,1.9142263688303626e-08,0.6333333333333333,0.0,0.0,0.0,0.9037409889135066
2025-08-25,0.010082336226227862,2.588063914173142e-08,0.75,0.0,0.0,0.0,0.9037409889135066
2025-08-26,-0.003654393039766066,-3.489463020892189e-08,0.05,0.0,-0.0,-0.0,0.9037409889135066
2025-08-27,0.0018512468692148721,-2.0822390112341766e-08,0.15,1.0,0.0018512468692148721,0.0003512468692148721,0.9040584251064436
2025-08-28,-0.00444356871564555,-5.342304226977545e-09,0.3333333333333333,0.0,-0.0,-0.0,0.9040584251064436
2025-08-29,0.004388357805346773,-2.858518557469201e-08,0.11666666666666667,0.0,0.0,0.0,0.9040584251064436
2025-09-01,-0.00667783604128367,-2.3472802405630722e-08,0.16666666666666666,0.0,-0.0,-0.0,0.9040584251064436
2025-09-02,0.0029536796775796203,3.2987746296909336e-08,0.9,0.0,0.0,0.0,0.9040584251064436
2025-09-03,-0.00010922321812564891,3.061316031351274e-08,0.8666666666666667,0.0,-0.0,-0.0,0.9040584251064436
2025-09-04,0.0004890889020973269,2.071570845044347e-08,0.7166666666666667,0.0,0.0,0.0,0.9040584251064436
2025-09-05,0.004073333513469832,-6.369165222050468e-09,0.36666666666666664,0.0,0.0,0.0,0.9040584251064436
2025-09-08,0.0037121375444647995,1.360836973166621e-08,0.5833333333333334,0.0,0.0,0.0,0.9040584251064436
2025-09-09,0.004013817180343693,4.424402798306307e-08,0.9666666666666667,0.0,0.0,0.0,0.9040584251064436
2025-09-10,0.003585201452601965,8.650610146087988e-08,1.0,-1.0,-0.003585201452601965,-0.005085201452601966,0.8994611058898553
2025-09-11,0.00613650391449822,1.2823397860087263e-08,0.5333333333333333,-1.0,-0.00613650391449822,-0.0076365039144982196,0.8925923676337885
2025-09-12,0.01234914126566623,7.481923024282431e-08,0.9833333333333333,0.0,0.0,0.0,0.8925923676337885
2025-09-15,0.00652509946025388,1.0595090904001436e-08,0.5166666666666667,-1.0,-0.00652509946025388,-0.00802509946025388,0.8854292251060638
2025-09-16,0.0035541735521552047,7.122637551488116e-08,0.9666666666666667,0.0,0.0,0.0,0.8854292251060638
2025-09-17,-0.003278872117765627,-9.076267853979066e-09,0.23333333333333334,-1.0,0.003278872117765627,0.001778872117765627,0.8870042904668598
2025-09-18,0.006692004203346311,1.4589965874006479e-08,0.5833333333333334,0.0,0.0,0.0,0.8870042904668598
2025-09-19,0.000507761946338192,-1.8753854294715265e-09,0.35,0.0,0.0,0.0,0.8870042904668598
2025-09-22,0.006924206168161049,2.224314597376914e-08,0.7166666666666667,0.0,0.0,0.0,0.8870042904668598
2025-09-23,0.0065583846827604675,8.9697213858725e-09,0.45,0.0,0.0,0.0,0.8870042904668598
2025-09-24,0.0004527516901710111,-2.159724282999749e-08,0.11666666666666667,0.0,0.0,0.0,0.8870042904668598
2025-09-25,-0.004433724574448423,1.1452089051681167e-08,0.5,0.0,-0.0,-0.0,0.8870042904668598
2025-09-26,-0.008299534093636655,-3.109233194341247e-08,0.06666666666666667,0.0,-0.0,-0.0,0.8870042904668598
2025-09-29,0.0075612219136581785,2.6439100015982547e-08,0.7833333333333333,1.0,0.0075612219136581785,0.006061221913658179,0.8923806203097464
2025-09-30,0.0017134896102200539,-8.867023551851944e-09,0.23333333333333334,0.0,0.0,0.0,0.8923806203097464
2025-10-01,0.0058548484196276175,4.186101033716121e-08,0.9,0.0,0.0,0.0,0.8923806203097464
2025-10-02,0.021957518318526093,1.567844962351013e-07,1.0,0.0,0.0,0.0,0.8923806203097464
2025-10-03,-0.003383070188915706,1.480709611598005e-07,0.9833333333333333,-1.0,0.003383070188915706,0.0018830701889157061,0.8940610356530178
2025-10-06,-0.003383070188915706,1.3497211119612792e-07,0.9666666666666667,-1.0,0.003383070188915706,0.0018830701889157061,0.895744615336327
2025-10-07,-0.003383070188915706,1.2574833612648835e-07,0.95,-1.0,0.003383070188915706,0.0018830701889157061,0.8974313653183486
2025-10-08,-0.003383070188915706,1.1757273992681964e-07,0.9333333333333333,-1.0,0.003383070188915706,0.0018830701889157061,0.8991212915689774
2025-10-09,-0.003383070188915706,1.1757273992681964e-07,0.925,-1.0,0.003383070188915706,0.0018830701889157061,0.9008144000693502
2025-10-10,0.021642009115913127,4.1519600934682086e-08,0.7833333333333333,-1.0,-0.021642009115913127,-0.023142009115913128,0.8799677450111995
2025-10-13,-0.020334290552978414,-3.713057437141824e-08,0.03333333333333333,0.0,-0.0,-0.0,0.8799677450111995
2025-10-14,0.007375866307969187,1.5612024775723985e-08,0.5,1.0,0.007375866307969187,0.005875866307969187,0.8851383178362104
2025-10-15,0.006023716885306505,6.99552099523649e-09,0.4,0.0,0.0,0.0,0.8851383178362104
2025-10-16,0.003587771751048987,1.9185908553979043e-08,0.5833333333333334,0.0,0.0,0.0,0.8851383178362104
2025-10-17,-0.00493936620523967,1.6211711577952262e-08,0.5333333333333333,0.0,-0.0,-0.0,0.8851383178362104
2025-10-20,0.008669040570881047,-8.35328792813364e-09,0.25,0.0,0.0,0.0,0.8851383178362104
2025-10-21,0.00877772003988596,-8.203781343580598e-09,0.2833333333333333,0.0,0.0,0.0,0.8851383178362104
2025-10-22,0.00125321734048174,-3.072263790701695e-08,0.1,0.0,0.0,0.0,0.8851383178362104
2025-10-23,-0.011687681189574608,-2.0979385039716497e-08,0.18333333333333332,0.0,-0.0,-0.0,0.8851383178362104
2025-10-24,0.012468883855486538,2.3369021821051064e-08,0.7166666666666667,0.0,0.0,0.0,0.8851383178362104
2025-10-27,0.018162038927266953,3.0758137007680727e-08,0.7666666666666667,0.0,0.0,0.0,0.8851383178362104
2025-10-28,-0.005290158384620906,-6.865534698883836e-08,0.016666666666666666,0.0,-0.0,-0.0,0.8851383178362104
2025-10-29,0.012865742572125914,-6.607212337757315e-09,0.3333333333333333,1.0,0.012865742572125914,0.011365742572125914,0.8951985720974613
2025-10-30,0.009594101795853011,-2.6707798091738363e-09,0.4,0.0,0.0,0.0,0.8951985720974613
2025-10-31,-0.0008857139091352763,4.743081625702224e-08,0.85,0.0,-0.0,-0.0,0.8951985720974613
2025-11-03,0.003947771170544276,-1.3996601757171773e-08,0.23333333333333334,0.0,0.0,0.0,0.8951985720974613
2025-11-04,0.0007338564282267776,-6.143787962711815e-08,0.03333333333333333,0.0,0.0,0.0,0.8951985720974613
2025-11-05,-0.016135395092680565,-7.926151137236532e-08,0.016666666666666666,1.0,-0.016135395092680565,-0.017635395092680566,0.8794113915921191
2025-11-06,0.023554952655105942,-5.337178518579992e-08,0.06666666666666667,1.0,0.023554952655105942,0.02205495265510594,0.8988067681980442
2025-11-07,-0.01780978247857912,-1.2101750530382102e-08,0.3,1.0,-0.01780978247857912,-0.019309782478579122,0.8814510050138652
2025-11-10,0.010116159547837428,-5.2079173609652794e-09,0.43333333333333335,0.0,0.0,0.0,0.8814510050138652
2025-11-11,0.014217772083287275,2.260475208450836e-09,0.4666666666666667,0.0,0.0,0.0,0.8814510050138652
2025-11-12,-0.0004316140271943233,-6.587239275143472e-09,0.36666666666666664,0.0,-0.0,-0.0,0.8814510050138652
2025-11-13,-0.003982756036162664,3.4392228625815756e-08,0.7833333333333333,0.0,-0.0,-0.0,0.8814510050138652
2025-11-14,-0.02713813462305294,-9.768529412562653e-08,0.016666666666666666,0.0,-0.0,-0.0,0.8814510050138652
2025-11-17,0.01745997751244841,1.804864862857382e-08,0.6333333333333333,1.0,0.01745997751244841,0.01595997751244841,0.8955189432322115
2025-11-18,-0.011866136135322275,-2.751142663273921e-08,0.16666666666666666,0.0,-0.0,-0.0,0.8955189432322115
2025-11-19,0.002694876478043361,-4.566153552522561e-08,0.1,0.0,0.0,0.0,0.8955189432322115
2025-11-20,0.027516895860309348,4.282818930922615e-08,0.8166666666666667,0.0,0.0,0.0,0.8955189432322115
2025-11-21,-0.03924552727233823,-1.370103584348919e-07,0.016666666666666666,0.0,-0.0,-0.0,0.8955189432322115
2025-11-24,0.019704543301514006,-3.22418101082682e-08,0.15,1.0,0.019704543301514006,0.018204543301514005,0.9118214566116084
2025-11-25,0.026847018712822544,3.334620796804263e-09,0.4666666666666667,0.0,0.0,0.0,0.9118214566116084
2025-11-26,0.009492550849988367,2.735886328536306e-08,0.7333333333333333,0.0,0.0,0.0,0.9118214566116084
2025-11-27,0.007298168857374584,4.484510666898755e-09,0.48333333333333334,0.0,0.0,0.0,0.9118214566116084
2025-11-28,0.006305619120264415,-6.645662313223761e-08,0.08333333333333333,0.0,0.0,0.0,0.9118214566116084
2025-12-01,0.010936175497135759,2.0476608399813044e-09,0.45,1.0,0.010936175497135759,0.00943617549713576,0.9204255638982495
2025-12-02,0.005665653626584675,4.6652928417905626e-08,0.8333333333333334,0.0,0.0,0.0,0.9204255638982495
2025-12-03,0.0037355218743795426,1.2146835399623959e-08,0.5833333333333334,0.0,0.0,0.0,0.9204255638982495
2025-12-04,-0.0029116017747906602,-2.8051207073243578e-08,0.21666666666666667,0.0,-0.0,-0.0,0.9204255638982495
2025-12-05,-0.002825237738231407,3.484081886835586e-08,0.8,0.0,-0.0,-0.0,0.9204255638982495
2025-12-08,0.0050711305744863214,2.840521276487512e-08,0.75,0.0,0.0,0.0,0.9204255638982495
2025-12-09,-0.004141571083745187,-6.211777451640085e-09,0.4166666666666667,0.0,-0.0,-0.0,0.9204255638982495
2025-12-10,0.002772624254166636,1.9844298830241635e-08,0.6833333333333333,0.0,0.0,0.0,0.9204255638982495
2025-12-11,0.00720223030178455,1.5330698405581083e-08,0.6,0.0,0.0,0.0,0.9204255638982495
2025-12-12,0.002230496738351319,7.141914434667337e-09,0.5333333333333333,0.0,0.0,0.0,0.9204255638982495
2025-12-15,-0.02238779247618749,-3.815249577203767e-08,0.15,0.0,-0.0,-0.0,0.9204255638982495
2025-12-16,-0.0010452453068225632,-5.346959175684511e-08,0.11666666666666667,0.0,-0.0,-0.0,0.9204255638982495
2025-12-17,0.005957555748747871,-1.4180195939505924e-08,0.3,0.0,0.0,0.0,0.9204255638982495
2025-12-18,-0.0154803966638208,-1.591900155384251e-08,0.3,0.0,-0.0,-0.0,0.9204255638982495
2025-12-19,0.015481950130256734,-2.7009230923630604e-08,0.26666666666666666,0.0,0.0,0.0,0.9204255638982495
2025-12-22,0.008991019545694656,-2.6688908605648643e-08,0.2833333333333333,0.0,0.0,0.0,0.9204255638982495
